timestamp,visitorid,event,itemid,transactionid,date,year,month,day,dayofweek,hour
1433221332117,257597,view,355908,,2015-06-02 07:02:12.117,2015,6,2,1,7
1433224214164,992329,view,248676,,2015-06-02 07:50:14.164,2015,6,2,1,7
1433221999827,111016,view,318965,,2015-06-02 07:13:19.827,2015,6,2,1,7
1433221955914,483717,view,253185,,2015-06-02 07:12:35.914,2015,6,2,1,7
1433221337106,951259,view,367447,,2015-06-02 07:02:17.106,2015,6,2,1,7
1433224086234,972639,view,22556,,2015-06-02 07:48:06.234,2015,6,2,1,7
1433221923240,810725,view,443030,,2015-06-02 07:12:03.240,2015,6,2,1,7
1433223291897,794181,view,439202,,2015-06-02 07:34:51.897,2015,6,2,1,7
1433220899221,824915,view,428805,,2015-06-02 06:54:59.221,2015,6,2,1,6
1433221204592,339335,view,82389,,2015-06-02 07:00:04.592,2015,6,2,1,7
1433222162373,176446,view,10572,,2015-06-02 07:16:02.373,2015,6,2,1,7
1433221701252,929206,view,410676,,2015-06-02 07:08:21.252,2015,6,2,1,7
1433224229496,15795,view,44872,,2015-06-02 07:50:29.496,2015,6,2,1,7
1433223697356,598426,view,156489,,2015-06-02 07:41:37.356,2015,6,2,1,7
1433224078165,223343,view,402625,,2015-06-02 07:47:58.165,2015,6,2,1,7
1433222531378,57036,view,334662,,2015-06-02 07:22:11.378,2015,6,2,1,7
1433223239808,1377281,view,251467,,2015-06-02 07:33:59.808,2015,6,2,1,7
1433223236124,287857,addtocart,5206,,2015-06-02 07:33:56.124,2015,6,2,1,7
1433224244282,1370216,view,176721,,2015-06-02 07:50:44.282,2015,6,2,1,7
1433221078505,158090,addtocart,10572,,2015-06-02 06:57:58.505,2015,6,2,1,6
1433224070841,1398644,view,135256,,2015-06-02 07:47:50.841,2015,6,2,1,7
1433224252461,653756,view,132316,,2015-06-02 07:50:52.461,2015,6,2,1,7
1433221274809,1213673,view,343861,,2015-06-02 07:01:14.809,2015,6,2,1,7
1433221275206,864246,view,36642,,2015-06-02 07:01:15.206,2015,6,2,1,7
1433223203944,125625,view,17655,,2015-06-02 07:33:23.944,2015,6,2,1,7
1433224683817,608100,view,187722,,2015-06-02 07:58:03.817,2015,6,2,1,7
1433221373311,781127,view,21989,,2015-06-02 07:02:53.311,2015,6,2,1,7
1433222147345,1076270,view,262799,,2015-06-02 07:15:47.345,2015,6,2,1,7
1433224554732,453474,view,250696,,2015-06-02 07:55:54.732,2015,6,2,1,7
1433221377547,1153198,view,388242,,2015-06-02 07:02:57.547,2015,6,2,1,7
1433224266445,273888,view,205392,,2015-06-02 07:51:06.445,2015,6,2,1,7
1433221380636,849453,view,123990,,2015-06-02 07:03:00.636,2015,6,2,1,7
1433221018375,487887,view,345560,,2015-06-02 06:56:58.375,2015,6,2,1,6
1433223176926,629333,view,128394,,2015-06-02 07:32:56.926,2015,6,2,1,7
1433222143427,1130165,view,45337,,2015-06-02 07:15:43.427,2015,6,2,1,7
1433224644638,361387,view,43485,,2015-06-02 07:57:24.638,2015,6,2,1,7
1433223643340,112175,view,430845,,2015-06-02 07:40:43.340,2015,6,2,1,7
1433223471170,860082,view,22926,,2015-06-02 07:37:51.170,2015,6,2,1,7
1433223159620,784669,view,181743,,2015-06-02 07:32:39.620,2015,6,2,1,7
1433222438241,1061147,view,280893,,2015-06-02 07:20:38.241,2015,6,2,1,7
1433224056696,485456,view,216707,,2015-06-02 07:47:36.696,2015,6,2,1,7
1433221622167,1342963,view,306886,,2015-06-02 07:07:02.167,2015,6,2,1,7
1433223776925,969887,view,159780,,2015-06-02 07:42:56.925,2015,6,2,1,7
1433223148655,759369,view,386527,,2015-06-02 07:32:28.655,2015,6,2,1,7
1433223146605,1282360,view,106564,,2015-06-02 07:32:26.605,2015,6,2,1,7
1433221051265,233317,view,75994,,2015-06-02 06:57:31.265,2015,6,2,1,6
1433223785793,392042,view,280375,,2015-06-02 07:43:05.793,2015,6,2,1,7
1433221172079,591038,view,367500,,2015-06-02 06:59:32.079,2015,6,2,1,6
1433223138106,692195,view,112792,,2015-06-02 07:32:18.106,2015,6,2,1,7
1433223574540,432882,view,102061,,2015-06-02 07:39:34.540,2015,6,2,1,7
1433223790254,392042,view,16813,,2015-06-02 07:43:10.254,2015,6,2,1,7
1433223131380,808133,view,128499,,2015-06-02 07:32:11.380,2015,6,2,1,7
1433221169402,180680,view,456784,,2015-06-02 06:59:29.402,2015,6,2,1,6
1433224050320,1151716,view,427725,,2015-06-02 07:47:30.320,2015,6,2,1,7
1433222134037,597724,view,134264,,2015-06-02 07:15:34.037,2015,6,2,1,7
1433220944616,179437,view,335975,,2015-06-02 06:55:44.616,2015,6,2,1,6
1433221087074,794013,view,51354,,2015-06-02 06:58:07.074,2015,6,2,1,6
1433222365385,975530,view,55555,,2015-06-02 07:19:25.385,2015,6,2,1,7
1433223102457,741702,view,350819,,2015-06-02 07:31:42.457,2015,6,2,1,7
1433221411595,1219180,view,422768,,2015-06-02 07:03:31.595,2015,6,2,1,7
1433222561588,1143908,view,417464,,2015-06-02 07:22:41.588,2015,6,2,1,7
1433223360663,1078178,view,323147,,2015-06-02 07:36:00.663,2015,6,2,1,7
1433224303386,503970,view,448136,,2015-06-02 07:51:43.386,2015,6,2,1,7
1433223543021,1193904,addtocart,255275,,2015-06-02 07:39:03.021,2015,6,2,1,7
1433224041294,376913,view,140848,,2015-06-02 07:47:21.294,2015,6,2,1,7
1433223076406,1262470,view,102986,,2015-06-02 07:31:16.406,2015,6,2,1,7
1433221422147,1153198,view,357579,,2015-06-02 07:03:42.147,2015,6,2,1,7
1433222366959,238317,view,348196,,2015-06-02 07:19:26.959,2015,6,2,1,7
1433223067576,800456,view,31514,,2015-06-02 07:31:07.576,2015,6,2,1,7
1433222031235,1219627,view,292444,,2015-06-02 07:13:51.235,2015,6,2,1,7
1433221152282,526166,view,332761,,2015-06-02 06:59:12.282,2015,6,2,1,6
1433221092368,685949,view,395002,,2015-06-02 06:58:12.368,2015,6,2,1,6
1433223447924,860082,view,415437,,2015-06-02 07:37:27.924,2015,6,2,1,7
1433221149711,721839,view,391289,,2015-06-02 06:59:09.711,2015,6,2,1,6
1433224324329,635011,view,142075,,2015-06-02 07:52:04.329,2015,6,2,1,7
1433222571026,293285,view,288868,,2015-06-02 07:22:51.026,2015,6,2,1,7
1433223854839,21004,view,181142,,2015-06-02 07:44:14.839,2015,6,2,1,7
1433223855932,1179587,view,367797,,2015-06-02 07:44:15.932,2015,6,2,1,7
1433222424790,1059530,view,302509,,2015-06-02 07:20:24.790,2015,6,2,1,7
1433224145724,854656,view,87947,,2015-06-02 07:49:05.724,2015,6,2,1,7
1433223587786,77112,view,97879,,2015-06-02 07:39:47.786,2015,6,2,1,7
1433224666941,557587,view,131882,,2015-06-02 07:57:46.941,2015,6,2,1,7
1433223862777,83034,view,255833,,2015-06-02 07:44:22.777,2015,6,2,1,7
1433221237091,233317,view,75994,,2015-06-02 07:00:37.091,2015,6,2,1,7
1433223866018,993954,view,227935,,2015-06-02 07:44:26.018,2015,6,2,1,7
1433223866632,1045426,view,69533,,2015-06-02 07:44:26.632,2015,6,2,1,7
1433222046974,428642,view,359747,,2015-06-02 07:14:06.974,2015,6,2,1,7
1433223879629,15795,view,81075,,2015-06-02 07:44:39.629,2015,6,2,1,7
1433221139773,97140,view,257675,,2015-06-02 06:58:59.773,2015,6,2,1,6
1433224498209,970474,view,324543,,2015-06-02 07:54:58.209,2015,6,2,1,7
1433221138230,97140,view,328025,,2015-06-02 06:58:58.230,2015,6,2,1,6
1433224344626,138674,view,202719,,2015-06-02 07:52:24.626,2015,6,2,1,7
1433222980695,1045633,view,372688,,2015-06-02 07:29:40.695,2015,6,2,1,7
1433224471042,202383,view,261865,,2015-06-02 07:54:31.042,2015,6,2,1,7
1433224754197,1109336,view,431148,,2015-06-02 07:59:14.197,2015,6,2,1,7
1433221135245,320957,view,102131,,2015-06-02 06:58:55.245,2015,6,2,1,6
1433223900862,132736,view,67627,,2015-06-02 07:45:00.862,2015,6,2,1,7
1433224352539,282587,view,78037,,2015-06-02 07:52:32.539,2015,6,2,1,7
1433222949983,901571,view,458588,,2015-06-02 07:29:09.983,2015,6,2,1,7
1433222949347,442035,view,75006,,2015-06-02 07:29:09.347,2015,6,2,1,7
1433221468563,881338,view,24431,,2015-06-02 07:04:28.563,2015,6,2,1,7
1433222946463,789114,view,412312,,2015-06-02 07:29:06.463,2015,6,2,1,7
1433222103817,1096028,view,337686,,2015-06-02 07:15:03.817,2015,6,2,1,7
1433222942281,1269628,view,137305,,2015-06-02 07:29:02.281,2015,6,2,1,7
1433222930873,428642,view,167337,,2015-06-02 07:28:50.873,2015,6,2,1,7
1433220897977,1217827,view,203231,,2015-06-02 06:54:57.977,2015,6,2,1,6
1433221123646,1076270,view,269430,,2015-06-02 06:58:43.646,2015,6,2,1,6
1433224370656,1137444,view,308053,,2015-06-02 07:52:50.656,2015,6,2,1,7
1433221776140,1254314,view,202373,,2015-06-02 07:09:36.140,2015,6,2,1,7
1433221974779,870742,view,456005,,2015-06-02 07:12:54.779,2015,6,2,1,7
1433221740333,712443,view,346655,,2015-06-02 07:09:00.333,2015,6,2,1,7
1433224464446,513527,view,227437,,2015-06-02 07:54:24.446,2015,6,2,1,7
1433221941632,599528,addtocart,356475,,2015-06-02 07:12:21.632,2015,6,2,1,7
1433222595153,1341619,view,77884,,2015-06-02 07:23:15.153,2015,6,2,1,7
1433222897013,492414,view,279976,,2015-06-02 07:28:17.013,2015,6,2,1,7
1433220908194,824915,view,25427,,2015-06-02 06:55:08.194,2015,6,2,1,6
1433222894011,248805,view,347194,,2015-06-02 07:28:14.011,2015,6,2,1,7
1433223952336,1263264,view,46097,,2015-06-02 07:45:52.336,2015,6,2,1,7
1433224782317,239546,view,42002,,2015-06-02 07:59:42.317,2015,6,2,1,7
1433222409338,506289,view,131383,,2015-06-02 07:20:09.338,2015,6,2,1,7
1433222877292,432824,view,221347,,2015-06-02 07:27:57.292,2015,6,2,1,7
1433222876482,8287,view,459752,,2015-06-02 07:27:56.482,2015,6,2,1,7
1433223968687,338231,view,141264,,2015-06-02 07:46:08.687,2015,6,2,1,7
1433222088855,398762,view,21886,,2015-06-02 07:14:48.855,2015,6,2,1,7
1433224388360,625389,view,316135,,2015-06-02 07:53:08.360,2015,6,2,1,7
1433222860128,428642,view,190172,,2015-06-02 07:27:40.128,2015,6,2,1,7
1433221108142,911380,view,28540,,2015-06-02 06:58:28.142,2015,6,2,1,6
1433222605362,326029,view,455763,,2015-06-02 07:23:25.362,2015,6,2,1,7
1433221107378,357556,view,13091,,2015-06-02 06:58:27.378,2015,6,2,1,6
1433224396283,536254,view,267839,,2015-06-02 07:53:16.283,2015,6,2,1,7
1433222276276,599528,transaction,356475,4000.0,2015-06-02 07:17:56.276,2015,6,2,1,7
1433221512084,1124962,view,213464,,2015-06-02 07:05:12.084,2015,6,2,1,7
1433221512427,1402325,view,20889,,2015-06-02 07:05:12.427,2015,6,2,1,7
1433222824444,930371,view,160161,,2015-06-02 07:27:04.444,2015,6,2,1,7
1433222820149,1304277,view,341548,,2015-06-02 07:27:00.149,2015,6,2,1,7
1433222291999,428642,view,7438,,2015-06-02 07:18:11.999,2015,6,2,1,7
1433221689977,456697,view,398579,,2015-06-02 07:08:09.977,2015,6,2,1,7
1433221523348,1118731,view,350689,,2015-06-02 07:05:23.348,2015,6,2,1,7
1433220912321,390868,view,432330,,2015-06-02 06:55:12.321,2015,6,2,1,6
1433221229122,1004326,view,432925,,2015-06-02 07:00:29.122,2015,6,2,1,7
1433222793547,761633,view,432152,,2015-06-02 07:26:33.547,2015,6,2,1,7
1433221525635,952604,view,466861,,2015-06-02 07:05:25.635,2015,6,2,1,7
1433221526354,849453,view,423120,,2015-06-02 07:05:26.354,2015,6,2,1,7
1433222790079,75249,view,283146,,2015-06-02 07:26:30.079,2015,6,2,1,7
1433224416053,1028478,view,438681,,2015-06-02 07:53:36.053,2015,6,2,1,7
1433223636836,77112,view,146700,,2015-06-02 07:40:36.836,2015,6,2,1,7
1433221724640,448895,view,322930,,2015-06-02 07:08:44.640,2015,6,2,1,7
1433220872479,736627,view,98498,,2015-06-02 06:54:32.479,2015,6,2,1,6
1433222772343,301980,view,288280,,2015-06-02 07:26:12.343,2015,6,2,1,7
1433221718235,1316756,view,303619,,2015-06-02 07:08:38.235,2015,6,2,1,7
1433221835749,346219,view,37945,,2015-06-02 07:10:35.749,2015,6,2,1,7
1433222623158,402205,view,46130,,2015-06-02 07:23:43.158,2015,6,2,1,7
1433224733131,949379,view,310791,,2015-06-02 07:58:53.131,2015,6,2,1,7
1433224435371,170060,view,213570,,2015-06-02 07:53:55.371,2015,6,2,1,7
1433221686200,1249248,view,422425,,2015-06-02 07:08:06.200,2015,6,2,1,7
1433221998234,265788,view,10620,,2015-06-02 07:13:18.234,2015,6,2,1,7
1433220966569,424164,view,397256,,2015-06-02 06:56:06.569,2015,6,2,1,6
1433222181172,1229852,view,389644,,2015-06-02 07:16:21.172,2015,6,2,1,7
1433223376533,1241483,view,298868,,2015-06-02 07:36:16.533,2015,6,2,1,7
1433220965740,132864,view,386146,,2015-06-02 06:56:05.740,2015,6,2,1,6
1433222721345,1384997,view,134458,,2015-06-02 07:25:21.345,2015,6,2,1,7
1433223622608,177820,view,244504,,2015-06-02 07:40:22.608,2015,6,2,1,7
1433222719578,1107507,view,444338,,2015-06-02 07:25:19.578,2015,6,2,1,7
1433222341342,497111,view,367617,,2015-06-02 07:19:01.342,2015,6,2,1,7
1433222646781,529601,view,161166,,2015-06-02 07:24:06.781,2015,6,2,1,7
1433221558611,1386874,view,261320,,2015-06-02 07:05:58.611,2015,6,2,1,7
1433221690620,126887,view,413990,,2015-06-02 07:08:10.620,2015,6,2,1,7
1433222057888,125625,view,25071,,2015-06-02 07:14:17.888,2015,6,2,1,7
1433221585010,1153198,view,388242,,2015-06-02 07:06:25.010,2015,6,2,1,7
1433222500605,122629,view,256368,,2015-06-02 07:21:40.605,2015,6,2,1,7
1433222492114,231733,view,324624,,2015-06-02 07:21:32.114,2015,6,2,1,7
1433221846073,870742,view,234255,,2015-06-02 07:10:46.073,2015,6,2,1,7
1433222012357,266709,view,190545,,2015-06-02 07:13:32.357,2015,6,2,1,7
1433222482735,208393,view,268266,,2015-06-02 07:21:22.735,2015,6,2,1,7
1433221650063,589997,view,110122,,2015-06-02 07:07:30.063,2015,6,2,1,7
1433223651491,800456,view,394254,,2015-06-02 07:40:51.491,2015,6,2,1,7
1433221038433,1100013,view,40596,,2015-06-02 06:57:18.433,2015,6,2,1,6
1433223502068,77112,view,38483,,2015-06-02 07:38:22.068,2015,6,2,1,7
1433224523363,1044534,view,272187,,2015-06-02 07:55:23.363,2015,6,2,1,7
1433220880956,105775,addtocart,312728,,2015-06-02 06:54:40.956,2015,6,2,1,6
1433192344441,676969,view,276704,,2015-06-01 22:59:04.441,2015,6,1,0,22
1433194613963,547051,view,184199,,2015-06-01 23:36:53.963,2015,6,1,0,23
1433193581950,198036,view,337335,,2015-06-01 23:19:41.950,2015,6,1,0,23
1433193799250,986452,view,429607,,2015-06-01 23:23:19.250,2015,6,1,0,23
1433192259223,1044315,view,325262,,2015-06-01 22:57:39.223,2015,6,1,0,22
1433193024992,249113,view,425726,,2015-06-01 23:10:24.992,2015,6,1,0,23
1433193362097,672710,view,161346,,2015-06-01 23:16:02.097,2015,6,1,0,23
1433193080618,824778,view,285173,,2015-06-01 23:11:20.618,2015,6,1,0,23
1433194060639,79247,view,458894,,2015-06-01 23:27:40.639,2015,6,1,0,23
1433192997501,1143402,view,272446,,2015-06-01 23:09:57.501,2015,6,1,0,23
1433191691541,178282,view,449010,,2015-06-01 22:48:11.541,2015,6,1,0,22
1433192144515,733007,view,188148,,2015-06-01 22:55:44.515,2015,6,1,0,22
1433193614579,948586,view,402236,,2015-06-01 23:20:14.579,2015,6,1,0,23
1433192321718,752818,view,43391,,2015-06-01 22:58:41.718,2015,6,1,0,22
1433193990704,85734,view,331725,,2015-06-01 23:26:30.704,2015,6,1,0,23
1433194504129,1323080,view,71957,,2015-06-01 23:35:04.129,2015,6,1,0,23
1433193535886,820159,view,369447,,2015-06-01 23:18:55.886,2015,6,1,0,23
1433193595554,927479,view,201940,,2015-06-01 23:19:55.554,2015,6,1,0,23
1433193798367,463621,view,372845,,2015-06-01 23:23:18.367,2015,6,1,0,23
1433192866366,290549,view,72611,,2015-06-01 23:07:46.366,2015,6,1,0,23
1433194408687,937632,view,260581,,2015-06-01 23:33:28.687,2015,6,1,0,23
1433192651984,511064,view,354042,,2015-06-01 23:04:11.984,2015,6,1,0,23
1433194473728,998406,view,33638,,2015-06-01 23:34:33.728,2015,6,1,0,23
1433192750383,1057088,view,334432,,2015-06-01 23:05:50.383,2015,6,1,0,23
1433193383427,550788,view,440180,,2015-06-01 23:16:23.427,2015,6,1,0,23
1433193860477,804607,view,459761,,2015-06-01 23:24:20.477,2015,6,1,0,23
1433192938939,1242160,view,385376,,2015-06-01 23:08:58.939,2015,6,1,0,23
1433194739377,256542,view,336552,,2015-06-01 23:38:59.377,2015,6,1,0,23
1433193490116,668712,view,291770,,2015-06-01 23:18:10.116,2015,6,1,0,23
1433194237764,227335,view,443967,,2015-06-01 23:30:37.764,2015,6,1,0,23
1433192401521,457237,view,234185,,2015-06-01 23:00:01.521,2015,6,1,0,23
1433194177067,1185234,view,154912,,2015-06-01 23:29:37.067,2015,6,1,0,23
1433193887272,1046168,view,86238,,2015-06-01 23:24:47.272,2015,6,1,0,23
1433194498623,85734,view,122834,,2015-06-01 23:34:58.623,2015,6,1,0,23
1433192067753,121688,view,282803,,2015-06-01 22:54:27.753,2015,6,1,0,22
1433194607083,939182,view,48743,,2015-06-01 23:36:47.083,2015,6,1,0,23
1433192584970,951557,view,138439,,2015-06-01 23:03:04.970,2015,6,1,0,23
1433193877348,73449,view,54008,,2015-06-01 23:24:37.348,2015,6,1,0,23
1433194239109,1075043,view,178496,,2015-06-01 23:30:39.109,2015,6,1,0,23
1433191842944,832459,view,458265,,2015-06-01 22:50:42.944,2015,6,1,0,22
1433194920972,192487,view,170751,,2015-06-01 23:42:00.972,2015,6,1,0,23
1433194439583,435847,view,2263,,2015-06-01 23:33:59.583,2015,6,1,0,23
1433194511438,1202062,view,59776,,2015-06-01 23:35:11.438,2015,6,1,0,23
1433193848420,812748,view,14671,,2015-06-01 23:24:08.420,2015,6,1,0,23
1433194516775,131086,view,402110,,2015-06-01 23:35:16.775,2015,6,1,0,23
1433194372591,609410,view,207825,,2015-06-01 23:32:52.591,2015,6,1,0,23
1433193003719,855825,view,460643,,2015-06-01 23:10:03.719,2015,6,1,0,23
1433191793118,15613,view,237422,,2015-06-01 22:49:53.118,2015,6,1,0,22
1433194045795,110877,view,336855,,2015-06-01 23:27:25.795,2015,6,1,0,23
1433193796802,1294366,view,204785,,2015-06-01 23:23:16.802,2015,6,1,0,23
1433191554639,421206,view,392392,,2015-06-01 22:45:54.639,2015,6,1,0,22
1433193477485,948586,view,164109,,2015-06-01 23:17:57.485,2015,6,1,0,23
1433193526308,765834,view,179601,,2015-06-01 23:18:46.308,2015,6,1,0,23
1433194772167,330834,view,134118,,2015-06-01 23:39:32.167,2015,6,1,0,23
1433193872161,1294366,view,106279,,2015-06-01 23:24:32.161,2015,6,1,0,23
1433193979951,1328894,view,43101,,2015-06-01 23:26:19.951,2015,6,1,0,23
1433191548267,742458,view,250212,,2015-06-01 22:45:48.267,2015,6,1,0,22
1433194844501,192487,view,153935,,2015-06-01 23:40:44.501,2015,6,1,0,23
1433194772089,1370178,view,253175,,2015-06-01 23:39:32.089,2015,6,1,0,23
1433192202594,425516,view,466472,,2015-06-01 22:56:42.594,2015,6,1,0,22
1433193860039,1173577,view,106874,,2015-06-01 23:24:20.039,2015,6,1,0,23
1433193131854,1102723,view,280375,,2015-06-01 23:12:11.854,2015,6,1,0,23
1433193323906,1055632,view,316753,,2015-06-01 23:15:23.906,2015,6,1,0,23
1433193207640,628886,view,105274,,2015-06-01 23:13:27.640,2015,6,1,0,23
1433193312720,861030,view,59866,,2015-06-01 23:15:12.720,2015,6,1,0,23
1433193196949,11598,view,62549,,2015-06-01 23:13:16.949,2015,6,1,0,23
1433192145627,303145,view,32971,,2015-06-01 22:55:45.627,2015,6,1,0,22
1433192570930,944943,view,426007,,2015-06-01 23:02:50.930,2015,6,1,0,23
1433191616183,260599,view,86238,,2015-06-01 22:46:56.183,2015,6,1,0,22
1433194481906,1188336,view,216095,,2015-06-01 23:34:41.906,2015,6,1,0,23
1433193463474,1317317,view,14159,,2015-06-01 23:17:43.474,2015,6,1,0,23
1433194675112,1354316,view,215767,,2015-06-01 23:37:55.112,2015,6,1,0,23
1433194983676,1322055,view,308985,,2015-06-01 23:43:03.676,2015,6,1,0,23
1433192078186,1375369,view,139936,,2015-06-01 22:54:38.186,2015,6,1,0,22
1433193611299,286616,view,371590,,2015-06-01 23:20:11.299,2015,6,1,0,23
1433191544655,971845,view,251813,,2015-06-01 22:45:44.655,2015,6,1,0,22
1433193272942,859718,view,379264,,2015-06-01 23:14:32.942,2015,6,1,0,23
1433191523072,229335,view,222613,,2015-06-01 22:45:23.072,2015,6,1,0,22
1433194599663,1313440,view,347937,,2015-06-01 23:36:39.663,2015,6,1,0,23
1433192387024,766230,view,286065,,2015-06-01 22:59:47.024,2015,6,1,0,22
1433194599642,413869,view,232858,,2015-06-01 23:36:39.642,2015,6,1,0,23
1433192693894,1057088,view,334432,,2015-06-01 23:04:53.894,2015,6,1,0,23
1433191689644,980257,view,337431,,2015-06-01 22:48:09.644,2015,6,1,0,22
1433194914324,1322055,view,308985,,2015-06-01 23:41:54.324,2015,6,1,0,23
1433193428621,1141573,view,395596,,2015-06-01 23:17:08.621,2015,6,1,0,23
1433194833684,800587,view,29100,,2015-06-01 23:40:33.684,2015,6,1,0,23
1433193246662,214589,view,267010,,2015-06-01 23:14:06.662,2015,6,1,0,23
1433192974675,1141573,view,203877,,2015-06-01 23:09:34.675,2015,6,1,0,23
1433192282889,945697,view,96924,,2015-06-01 22:58:02.889,2015,6,1,0,22
1433193043397,344176,view,95655,,2015-06-01 23:10:43.397,2015,6,1,0,23
1433193100279,1017556,view,84160,,2015-06-01 23:11:40.279,2015,6,1,0,23
1433193703544,820159,view,261793,,2015-06-01 23:21:43.544,2015,6,1,0,23
1433191774514,612769,view,343537,,2015-06-01 22:49:34.514,2015,6,1,0,22
1433193994575,968797,view,407343,,2015-06-01 23:26:34.575,2015,6,1,0,23
1433194303032,292025,view,63184,,2015-06-01 23:31:43.032,2015,6,1,0,23
1433194893874,679474,view,368057,,2015-06-01 23:41:33.874,2015,6,1,0,23
1433192495279,1047271,view,105334,,2015-06-01 23:01:35.279,2015,6,1,0,23
1433191866286,286616,view,243470,,2015-06-01 22:51:06.286,2015,6,1,0,22
1433193294827,355079,view,444951,,2015-06-01 23:14:54.827,2015,6,1,0,23
1433192439485,1323322,view,227470,,2015-06-01 23:00:39.485,2015,6,1,0,23
1433194792189,24769,view,55364,,2015-06-01 23:39:52.189,2015,6,1,0,23
1433193748486,463621,view,257040,,2015-06-01 23:22:28.486,2015,6,1,0,23
1433191734910,991664,view,62312,,2015-06-01 22:48:54.910,2015,6,1,0,22
1433195003616,1093035,view,444979,,2015-06-01 23:43:23.616,2015,6,1,0,23
1433193341196,219304,view,374673,,2015-06-01 23:15:41.196,2015,6,1,0,23
1433193414949,663314,view,47139,,2015-06-01 23:16:54.949,2015,6,1,0,23
1433194716107,298291,view,24608,,2015-06-01 23:38:36.107,2015,6,1,0,23
1433193884216,983709,view,198209,,2015-06-01 23:24:44.216,2015,6,1,0,23
1433193724968,1136722,view,298056,,2015-06-01 23:22:04.968,2015,6,1,0,23
1433192113953,623748,view,305760,,2015-06-01 22:55:13.953,2015,6,1,0,22
1433193535063,115171,view,356283,,2015-06-01 23:18:55.063,2015,6,1,0,23
1433193881704,320454,view,441953,,2015-06-01 23:24:41.704,2015,6,1,0,23
1433193634926,820159,view,268881,,2015-06-01 23:20:34.926,2015,6,1,0,23
1433191760912,178376,view,189563,,2015-06-01 22:49:20.912,2015,6,1,0,22
1433192506380,1004326,view,432925,,2015-06-01 23:01:46.380,2015,6,1,0,23
1433193493124,1317249,view,204070,,2015-06-01 23:18:13.124,2015,6,1,0,23
1433191729853,118343,view,462945,,2015-06-01 22:48:49.853,2015,6,1,0,22
1433192959427,317642,view,58869,,2015-06-01 23:09:19.427,2015,6,1,0,23
1433194288004,1207572,view,19003,,2015-06-01 23:31:28.004,2015,6,1,0,23
1433194824136,949171,view,150217,,2015-06-01 23:40:24.136,2015,6,1,0,23
1433192311349,1195252,view,358130,,2015-06-01 22:58:31.349,2015,6,1,0,22
1433192775770,227368,view,108638,,2015-06-01 23:06:15.770,2015,6,1,0,23
1433194969716,196602,addtocart,63312,,2015-06-01 23:42:49.716,2015,6,1,0,23
1433193654708,1159635,view,168527,,2015-06-01 23:20:54.708,2015,6,1,0,23
1433193500981,121688,transaction,15335,11117.0,2015-06-01 23:18:20.981,2015,6,1,0,23
1433191477403,421206,view,38006,,2015-06-01 22:44:37.403,2015,6,1,0,22
1433192565867,536514,view,80299,,2015-06-01 23:02:45.867,2015,6,1,0,23
1433193175924,115713,view,433059,,2015-06-01 23:12:55.924,2015,6,1,0,23
1433191788633,1340085,view,159835,,2015-06-01 22:49:48.633,2015,6,1,0,22
1433194550349,553696,view,265505,,2015-06-01 23:35:50.349,2015,6,1,0,23
1433194139564,777066,view,125810,,2015-06-01 23:28:59.564,2015,6,1,0,23
1433193164579,249113,view,181673,,2015-06-01 23:12:44.579,2015,6,1,0,23
1433194350258,610183,view,436461,,2015-06-01 23:32:30.258,2015,6,1,0,23
1433191958331,1332255,view,94488,,2015-06-01 22:52:38.331,2015,6,1,0,22
1433192218717,789827,view,102229,,2015-06-01 22:56:58.717,2015,6,1,0,22
1433192231907,1358943,view,233770,,2015-06-01 22:57:11.907,2015,6,1,0,22
1433194351839,1065157,view,197980,,2015-06-01 23:32:31.839,2015,6,1,0,23
1433192666341,160807,view,391289,,2015-06-01 23:04:26.341,2015,6,1,0,23
1433192519806,886864,view,76196,,2015-06-01 23:01:59.806,2015,6,1,0,23
1433194094518,1149807,view,141703,,2015-06-01 23:28:14.518,2015,6,1,0,23
1433193132535,1134473,view,396045,,2015-06-01 23:12:12.535,2015,6,1,0,23
1433193554368,385457,view,456627,,2015-06-01 23:19:14.368,2015,6,1,0,23
1433191948760,832459,view,281657,,2015-06-01 22:52:28.760,2015,6,1,0,22
1433194531464,192487,view,170751,,2015-06-01 23:35:31.464,2015,6,1,0,23
1433193162715,1055125,view,263153,,2015-06-01 23:12:42.715,2015,6,1,0,23
1433194680008,1015518,view,24291,,2015-06-01 23:38:00.008,2015,6,1,0,23
1433192425487,940454,view,383336,,2015-06-01 23:00:25.487,2015,6,1,0,23
1433191787095,333162,view,434278,,2015-06-01 22:49:47.095,2015,6,1,0,22
1433194679579,138565,view,140861,,2015-06-01 23:37:59.579,2015,6,1,0,23
1433191636446,351150,view,246110,,2015-06-01 22:47:16.446,2015,6,1,0,22
1433191584678,850173,view,243470,,2015-06-01 22:46:24.678,2015,6,1,0,22
1433191851912,1256332,view,165035,,2015-06-01 22:50:51.912,2015,6,1,0,22
1433194427881,553917,view,93001,,2015-06-01 23:33:47.881,2015,6,1,0,23
1433193992715,820159,view,281211,,2015-06-01 23:26:32.715,2015,6,1,0,23
1433191677505,889022,view,395153,,2015-06-01 22:47:57.505,2015,6,1,0,22
1433191765098,15613,view,89737,,2015-06-01 22:49:25.098,2015,6,1,0,22
1433194655137,1291089,view,88318,,2015-06-01 23:37:35.137,2015,6,1,0,23
1433194846767,38015,view,137633,,2015-06-01 23:40:46.767,2015,6,1,0,23
1433192715740,778817,view,184370,,2015-06-01 23:05:15.740,2015,6,1,0,23
1433192981610,1113676,view,350629,,2015-06-01 23:09:41.610,2015,6,1,0,23
1433191711059,409263,view,360173,,2015-06-01 22:48:31.059,2015,6,1,0,22
1433193541168,273406,view,36683,,2015-06-01 23:19:01.168,2015,6,1,0,23
1433194100127,1163398,view,462203,,2015-06-01 23:28:20.127,2015,6,1,0,23
1433194470209,1343346,view,20192,,2015-06-01 23:34:30.209,2015,6,1,0,23
1433194453729,610183,view,396238,,2015-06-01 23:34:13.729,2015,6,1,0,23
1433191598362,721927,view,59467,,2015-06-01 22:46:38.362,2015,6,1,0,22
1433193833507,486646,view,306260,,2015-06-01 23:23:53.507,2015,6,1,0,23
1433192417799,738984,view,61847,,2015-06-01 23:00:17.799,2015,6,1,0,23
1433193616260,1404060,view,320970,,2015-06-01 23:20:16.260,2015,6,1,0,23
1433193176627,216062,view,302948,,2015-06-01 23:12:56.627,2015,6,1,0,23
1433192018538,588923,view,196038,,2015-06-01 22:53:38.538,2015,6,1,0,22
1433191526588,9289,view,315393,,2015-06-01 22:45:26.588,2015,6,1,0,22
1433192635883,1318763,view,379744,,2015-06-01 23:03:55.883,2015,6,1,0,23
1433191826171,850173,view,85940,,2015-06-01 22:50:26.171,2015,6,1,0,22
1433193073246,323192,view,185935,,2015-06-01 23:11:13.246,2015,6,1,0,23
1433193087443,1099154,view,50467,,2015-06-01 23:11:27.443,2015,6,1,0,23
1433194259639,85734,view,264801,,2015-06-01 23:30:59.639,2015,6,1,0,23
1433194377032,371220,view,161478,,2015-06-01 23:32:57.032,2015,6,1,0,23
1433192182037,179335,view,262107,,2015-06-01 22:56:22.037,2015,6,1,0,22
1433193529619,1123910,view,189429,,2015-06-01 23:18:49.619,2015,6,1,0,23
1433192182241,605852,view,80435,,2015-06-01 22:56:22.241,2015,6,1,0,22
1433194631205,949171,view,76617,,2015-06-01 23:37:11.205,2015,6,1,0,23
1433191751657,1349893,view,356320,,2015-06-01 22:49:11.657,2015,6,1,0,22
1433192720617,294125,view,428825,,2015-06-01 23:05:20.617,2015,6,1,0,23
1433193927030,416876,view,350766,,2015-06-01 23:25:27.030,2015,6,1,0,23
1433193526932,127337,view,375492,,2015-06-01 23:18:46.932,2015,6,1,0,23
1433194053638,1211545,view,107853,,2015-06-01 23:27:33.638,2015,6,1,0,23
1433194696771,1314862,view,344224,,2015-06-01 23:38:16.771,2015,6,1,0,23
1433192901157,950703,view,198620,,2015-06-01 23:08:21.157,2015,6,1,0,23
1433194073557,757620,view,397995,,2015-06-01 23:27:53.557,2015,6,1,0,23
1433193760835,463561,view,451967,,2015-06-01 23:22:40.835,2015,6,1,0,23
1433193873160,812748,view,431148,,2015-06-01 23:24:33.160,2015,6,1,0,23
1433193948993,690053,view,421615,,2015-06-01 23:25:48.993,2015,6,1,0,23
1433194890697,803159,view,197245,,2015-06-01 23:41:30.697,2015,6,1,0,23
1433194578342,939182,view,140861,,2015-06-01 23:36:18.342,2015,6,1,0,23
1433192733238,1246148,view,58194,,2015-06-01 23:05:33.238,2015,6,1,0,23
1433192413684,186920,view,248175,,2015-06-01 23:00:13.684,2015,6,1,0,23
1433194822821,1222188,view,403716,,2015-06-01 23:40:22.821,2015,6,1,0,23
1433192267220,1081792,view,135251,,2015-06-01 22:57:47.220,2015,6,1,0,22
1433193410479,119444,view,78163,,2015-06-01 23:16:50.479,2015,6,1,0,23
1433192624693,160807,view,280375,,2015-06-01 23:03:44.693,2015,6,1,0,23
1433194701554,539910,view,385201,,2015-06-01 23:38:21.554,2015,6,1,0,23
1433194403266,606967,view,192832,,2015-06-01 23:33:23.266,2015,6,1,0,23
1433192041936,672744,view,318333,,2015-06-01 22:54:01.936,2015,6,1,0,22
1433193161124,473837,view,416987,,2015-06-01 23:12:41.124,2015,6,1,0,23
1433194802752,660365,view,449646,,2015-06-01 23:40:02.752,2015,6,1,0,23
1433192807066,249113,view,295785,,2015-06-01 23:06:47.066,2015,6,1,0,23
1433192042501,1273449,view,277613,,2015-06-01 22:54:02.501,2015,6,1,0,22
1433194701874,1282331,view,65188,,2015-06-01 23:38:21.874,2015,6,1,0,23
1433192107830,350566,view,458265,,2015-06-01 22:55:07.830,2015,6,1,0,22
1433194261247,536068,view,91607,,2015-06-01 23:31:01.247,2015,6,1,0,23
1433194768852,110929,view,377474,,2015-06-01 23:39:28.852,2015,6,1,0,23
1433193351267,672710,view,77173,,2015-06-01 23:15:51.267,2015,6,1,0,23
1433193049912,447658,view,302303,,2015-06-01 23:10:49.912,2015,6,1,0,23
1433194026467,923376,view,385769,,2015-06-01 23:27:06.467,2015,6,1,0,23
1433192849374,292205,view,102229,,2015-06-01 23:07:29.374,2015,6,1,0,23
1433192456634,748891,view,176162,,2015-06-01 23:00:56.634,2015,6,1,0,23
1433193125438,157954,view,143486,,2015-06-01 23:12:05.438,2015,6,1,0,23
1433191921208,158096,view,154413,,2015-06-01 22:52:01.208,2015,6,1,0,22
1433194545727,648957,view,121453,,2015-06-01 23:35:45.727,2015,6,1,0,23
1433192695054,1377315,view,428952,,2015-06-01 23:04:55.054,2015,6,1,0,23
1433192266935,109429,view,254477,,2015-06-01 22:57:46.935,2015,6,1,0,22
1433192616589,178721,view,49347,,2015-06-01 23:03:36.589,2015,6,1,0,23
1433194745128,883403,view,199810,,2015-06-01 23:39:05.128,2015,6,1,0,23
1433193789881,1141573,view,233263,,2015-06-01 23:23:09.881,2015,6,1,0,23
1433194755794,1370178,view,333560,,2015-06-01 23:39:15.794,2015,6,1,0,23
1433194005239,350566,view,462394,,2015-06-01 23:26:45.239,2015,6,1,0,23
1433194935948,266069,view,319910,,2015-06-01 23:42:15.948,2015,6,1,0,23
1433192260061,1209307,view,123882,,2015-06-01 22:57:40.061,2015,6,1,0,22
1433194502406,1185234,view,62746,,2015-06-01 23:35:02.406,2015,6,1,0,23
1433194280594,7684,view,253615,,2015-06-01 23:31:20.594,2015,6,1,0,23
1433191739062,1242160,view,267535,,2015-06-01 22:48:59.062,2015,6,1,0,22
1433192010489,1312385,view,337358,,2015-06-01 22:53:30.489,2015,6,1,0,22
1433194033035,1139541,view,364043,,2015-06-01 23:27:13.035,2015,6,1,0,23
1433194280384,1395006,view,56352,,2015-06-01 23:31:20.384,2015,6,1,0,23
1433192015852,422998,view,99496,,2015-06-01 22:53:35.852,2015,6,1,0,22
1433193809956,924087,view,412404,,2015-06-01 23:23:29.956,2015,6,1,0,23
1433192975894,611473,view,455006,,2015-06-01 23:09:35.894,2015,6,1,0,23
1433193915008,552148,transaction,81345,5444.0,2015-06-01 23:25:15.008,2015,6,1,0,23
1433193518184,768855,view,316444,,2015-06-01 23:18:38.184,2015,6,1,0,23
1433193032159,639964,view,360258,,2015-06-01 23:10:32.159,2015,6,1,0,23
1433194222728,418972,view,174172,,2015-06-01 23:30:22.728,2015,6,1,0,23
1433192388905,98881,view,24477,,2015-06-01 22:59:48.905,2015,6,1,0,22
1433194182025,420571,view,241752,,2015-06-01 23:29:42.025,2015,6,1,0,23
1433193232883,179239,view,183238,,2015-06-01 23:13:52.883,2015,6,1,0,23
1433194864488,7173,view,14974,,2015-06-01 23:41:04.488,2015,6,1,0,23
1433192892426,32389,view,98728,,2015-06-01 23:08:12.426,2015,6,1,0,23
1433192747163,1057088,view,147551,,2015-06-01 23:05:47.163,2015,6,1,0,23
1433191713959,808813,view,67486,,2015-06-01 22:48:33.959,2015,6,1,0,22
1433193800251,1054451,view,276105,,2015-06-01 23:23:20.251,2015,6,1,0,23
1433192916241,251908,view,212837,,2015-06-01 23:08:36.241,2015,6,1,0,23
1433191780678,588923,view,218505,,2015-06-01 22:49:40.678,2015,6,1,0,22
1433194580641,209390,view,67487,,2015-06-01 23:36:20.641,2015,6,1,0,23
1433194010662,95902,view,298598,,2015-06-01 23:26:50.662,2015,6,1,0,23
1433192812552,544163,view,174955,,2015-06-01 23:06:52.552,2015,6,1,0,23
1433192353698,158096,view,295785,,2015-06-01 22:59:13.698,2015,6,1,0,22
1433193785460,1102703,view,103405,,2015-06-01 23:23:05.460,2015,6,1,0,23
1433194905177,679474,view,83791,,2015-06-01 23:41:45.177,2015,6,1,0,23
1433194225641,216332,view,65426,,2015-06-01 23:30:25.641,2015,6,1,0,23
1433192361649,880180,view,58729,,2015-06-01 22:59:21.649,2015,6,1,0,22
1433194159263,1046017,view,444848,,2015-06-01 23:29:19.263,2015,6,1,0,23
1433192671854,1246148,view,58194,,2015-06-01 23:04:31.854,2015,6,1,0,23
1433192157800,159104,view,463379,,2015-06-01 22:55:57.800,2015,6,1,0,22
1433193118330,173287,view,35742,,2015-06-01 23:11:58.330,2015,6,1,0,23
1433194291005,393390,view,465522,,2015-06-01 23:31:31.005,2015,6,1,0,23
1433193870077,1104441,view,55799,,2015-06-01 23:24:30.077,2015,6,1,0,23
1433192024594,753508,view,20785,,2015-06-01 22:53:44.594,2015,6,1,0,22
1433193089034,1016655,view,122873,,2015-06-01 23:11:29.034,2015,6,1,0,23
1433191990038,481837,view,247307,,2015-06-01 22:53:10.038,2015,6,1,0,22
1433216686718,390730,view,181576,,2015-06-02 05:44:46.718,2015,6,2,1,5
1433218743111,1353254,view,420056,,2015-06-02 06:19:03.111,2015,6,2,1,6
1433218746802,98643,view,420960,,2015-06-02 06:19:06.802,2015,6,2,1,6
1433219699169,987208,view,356837,,2015-06-02 06:34:59.169,2015,6,2,1,6
1433218056322,519449,view,277651,,2015-06-02 06:07:36.322,2015,6,2,1,6
1433218445073,164576,view,69408,,2015-06-02 06:14:05.073,2015,6,2,1,6
1433220802151,479753,view,139068,,2015-06-02 06:53:22.151,2015,6,2,1,6
1433220254274,56229,addtocart,115244,,2015-06-02 06:44:14.274,2015,6,2,1,6
1433216689370,778866,view,281958,,2015-06-02 05:44:49.370,2015,6,2,1,5
1433218757551,168685,addtocart,111530,,2015-06-02 06:19:17.551,2015,6,2,1,6
1433218757893,734678,view,162345,,2015-06-02 06:19:17.893,2015,6,2,1,6
1433218449342,662168,view,37029,,2015-06-02 06:14:09.342,2015,6,2,1,6
1433218761995,1238871,view,51561,,2015-06-02 06:19:21.995,2015,6,2,1,6
1433219270717,1039327,view,105878,,2015-06-02 06:27:50.717,2015,6,2,1,6
1433218762620,332961,view,19572,,2015-06-02 06:19:22.620,2015,6,2,1,6
1433217830558,868786,view,325353,,2015-06-02 06:03:50.558,2015,6,2,1,6
1433219413350,255540,view,347657,,2015-06-02 06:30:13.350,2015,6,2,1,6
1433216559709,777089,view,221329,,2015-06-02 05:42:39.709,2015,6,2,1,5
1433218767984,1058384,view,257040,,2015-06-02 06:19:27.984,2015,6,2,1,6
1433217522763,520695,view,273743,,2015-06-02 05:58:42.763,2015,6,2,1,5
1433218772485,232712,view,336393,,2015-06-02 06:19:32.485,2015,6,2,1,6
1433216986389,568374,view,79368,,2015-06-02 05:49:46.389,2015,6,2,1,5
1433217699400,674436,view,207581,,2015-06-02 06:01:39.400,2015,6,2,1,6
1433220208728,670253,view,390232,,2015-06-02 06:43:28.728,2015,6,2,1,6
1433220855897,824915,view,292760,,2015-06-02 06:54:15.897,2015,6,2,1,6
1433217863765,1203684,view,80953,,2015-06-02 06:04:23.765,2015,6,2,1,6
1433217425844,46497,view,337262,,2015-06-02 05:57:05.844,2015,6,2,1,5
1433217181141,1266913,view,380913,,2015-06-02 05:53:01.141,2015,6,2,1,5
1433218072646,1132688,view,440128,,2015-06-02 06:07:52.646,2015,6,2,1,6
1433217639876,310248,view,172340,,2015-06-02 06:00:39.876,2015,6,2,1,6
1433220667123,580269,view,62866,,2015-06-02 06:51:07.123,2015,6,2,1,6
1433220051727,492414,view,8501,,2015-06-02 06:40:51.727,2015,6,2,1,6
1433218787846,791370,view,302946,,2015-06-02 06:19:47.846,2015,6,2,1,6
1433219611486,841219,view,80700,,2015-06-02 06:33:31.486,2015,6,2,1,6
1433217542961,573280,view,212918,,2015-06-02 05:59:02.961,2015,6,2,1,5
1433219992412,1040932,view,212956,,2015-06-02 06:39:52.412,2015,6,2,1,6
1433220242328,821184,view,399728,,2015-06-02 06:44:02.328,2015,6,2,1,6
1433218799177,1179330,view,319506,,2015-06-02 06:19:59.177,2015,6,2,1,6
1433216970132,197249,view,59477,,2015-06-02 05:49:30.132,2015,6,2,1,5
1433219119335,663787,view,219936,,2015-06-02 06:25:19.335,2015,6,2,1,6
1433218807424,741671,view,443875,,2015-06-02 06:20:07.424,2015,6,2,1,6
1433220673811,774019,view,76734,,2015-06-02 06:51:13.811,2015,6,2,1,6
1433216706043,874763,view,229257,,2015-06-02 05:45:06.043,2015,6,2,1,5
1433220848630,467124,view,396318,,2015-06-02 06:54:08.630,2015,6,2,1,6
1433217173197,1030058,view,183178,,2015-06-02 05:52:53.197,2015,6,2,1,5
1433219818498,495280,view,387660,,2015-06-02 06:36:58.498,2015,6,2,1,6
1433217257455,53588,view,463280,,2015-06-02 05:54:17.455,2015,6,2,1,5
1433216961517,75384,view,418572,,2015-06-02 05:49:21.517,2015,6,2,1,5
1433218815612,572783,view,73593,,2015-06-02 06:20:15.612,2015,6,2,1,6
1433217966859,114471,view,44054,,2015-06-02 06:06:06.859,2015,6,2,1,6
1433220049612,113274,view,380511,,2015-06-02 06:40:49.612,2015,6,2,1,6
1433218820997,1398678,view,184585,,2015-06-02 06:20:20.997,2015,6,2,1,6
1433218832625,1238871,view,51561,,2015-06-02 06:20:32.625,2015,6,2,1,6
1433218833204,719855,view,303055,,2015-06-02 06:20:33.204,2015,6,2,1,6
1433219620129,468850,view,179601,,2015-06-02 06:33:40.129,2015,6,2,1,6
1433219231513,152407,view,89675,,2015-06-02 06:27:11.513,2015,6,2,1,6
1433217443929,37840,view,297513,,2015-06-02 05:57:23.929,2015,6,2,1,5
1433220184421,626205,view,226127,,2015-06-02 06:43:04.421,2015,6,2,1,6
1433216943226,223779,view,463941,,2015-06-02 05:49:03.226,2015,6,2,1,5
1433218848002,1038306,view,49810,,2015-06-02 06:20:48.002,2015,6,2,1,6
1433217842534,997107,view,253353,,2015-06-02 06:04:02.534,2015,6,2,1,6
1433218855073,55270,view,259487,,2015-06-02 06:20:55.073,2015,6,2,1,6
1433217162685,932927,view,273743,,2015-06-02 05:52:42.685,2015,6,2,1,5
1433218856734,375514,view,374363,,2015-06-02 06:20:56.734,2015,6,2,1,6
1433216936981,772309,view,34435,,2015-06-02 05:48:56.981,2015,6,2,1,5
1433220046418,1218450,view,424976,,2015-06-02 06:40:46.418,2015,6,2,1,6
1433218862643,343908,view,105720,,2015-06-02 06:21:02.643,2015,6,2,1,6
1433219979247,49552,view,137174,,2015-06-02 06:39:39.247,2015,6,2,1,6
1433220690974,712443,view,431322,,2015-06-02 06:51:30.974,2015,6,2,1,6
1433218876080,834802,view,115525,,2015-06-02 06:21:16.080,2015,6,2,1,6
1433220245031,333827,view,335975,,2015-06-02 06:44:05.031,2015,6,2,1,6
1433219005687,1324075,view,367975,,2015-06-02 06:23:25.687,2015,6,2,1,6
1433217445797,901046,view,197968,,2015-06-02 05:57:25.797,2015,6,2,1,5
1433219785580,369776,view,198798,,2015-06-02 06:36:25.580,2015,6,2,1,6
1433218238410,1087049,view,30024,,2015-06-02 06:10:38.410,2015,6,2,1,6
1433218888272,1238871,view,51561,,2015-06-02 06:21:28.272,2015,6,2,1,6
1433220523541,123428,view,1981,,2015-06-02 06:48:43.541,2015,6,2,1,6
1433218344824,1203692,view,220530,,2015-06-02 06:12:24.824,2015,6,2,1,6
1433218895433,208110,view,199484,,2015-06-02 06:21:35.433,2015,6,2,1,6
1433218501026,535937,view,206925,,2015-06-02 06:15:01.026,2015,6,2,1,6
1433216632259,874763,view,268081,,2015-06-02 05:43:52.259,2015,6,2,1,5
1433217951982,680960,view,305786,,2015-06-02 06:05:51.982,2015,6,2,1,6
1433217727423,1360339,view,381653,,2015-06-02 06:02:07.423,2015,6,2,1,6
1433219778202,976562,view,44220,,2015-06-02 06:36:18.202,2015,6,2,1,6
1433219633772,915735,view,162932,,2015-06-02 06:33:53.772,2015,6,2,1,6
1433216908582,1042749,view,172967,,2015-06-02 05:48:28.582,2015,6,2,1,5
1433220542028,123428,view,151839,,2015-06-02 06:49:02.028,2015,6,2,1,6
1433220042944,50634,view,400577,,2015-06-02 06:40:42.944,2015,6,2,1,6
1433218909515,697865,view,343878,,2015-06-02 06:21:49.515,2015,6,2,1,6
1433216733465,248698,view,94952,,2015-06-02 05:45:33.465,2015,6,2,1,5
1433218913971,524378,view,417276,,2015-06-02 06:21:53.971,2015,6,2,1,6
1433220358346,285091,view,450414,,2015-06-02 06:45:58.346,2015,6,2,1,6
1433217148447,726049,view,463238,,2015-06-02 05:52:28.447,2015,6,2,1,5
1433216735395,772309,addtocart,72422,,2015-06-02 05:45:35.395,2015,6,2,1,5
1433218918777,1154250,view,362851,,2015-06-02 06:21:58.777,2015,6,2,1,6
1433218921396,572783,view,328696,,2015-06-02 06:22:01.396,2015,6,2,1,6
1433219032738,992115,view,182099,,2015-06-02 06:23:52.738,2015,6,2,1,6
1433219189080,288847,view,398379,,2015-06-02 06:26:29.080,2015,6,2,1,6
1433220524296,1008863,view,459186,,2015-06-02 06:48:44.296,2015,6,2,1,6
1433217142716,169835,view,159603,,2015-06-02 05:52:22.716,2015,6,2,1,5
1433216886935,703707,view,330649,,2015-06-02 05:48:06.935,2015,6,2,1,5
1433219641357,5925,view,291413,,2015-06-02 06:34:01.357,2015,6,2,1,6
1433218941216,159298,view,354676,,2015-06-02 06:22:21.216,2015,6,2,1,6
1433216884780,450932,view,435713,,2015-06-02 05:48:04.780,2015,6,2,1,5
1433220428311,328465,view,452210,,2015-06-02 06:47:08.311,2015,6,2,1,6
1433217650552,194340,view,162243,,2015-06-02 06:00:50.552,2015,6,2,1,6
1433219179174,304146,view,42002,,2015-06-02 06:26:19.174,2015,6,2,1,6
1433218353931,1092695,addtocart,383488,,2015-06-02 06:12:33.931,2015,6,2,1,6
1433216876714,1205474,view,123986,,2015-06-02 05:47:56.714,2015,6,2,1,5
1433220592120,264879,view,115586,,2015-06-02 06:49:52.120,2015,6,2,1,6
1433218958175,1154250,view,116794,,2015-06-02 06:22:38.175,2015,6,2,1,6
1433219492276,1270927,view,278679,,2015-06-02 06:31:32.276,2015,6,2,1,6
1433219747960,841219,view,72011,,2015-06-02 06:35:47.960,2015,6,2,1,6
1433217242577,796623,view,227628,,2015-06-02 05:54:02.577,2015,6,2,1,5
1433219169319,991242,view,318871,,2015-06-02 06:26:09.319,2015,6,2,1,6
1433217499518,662168,view,184628,,2015-06-02 05:58:19.518,2015,6,2,1,5
1433220772884,264879,view,115586,,2015-06-02 06:52:52.884,2015,6,2,1,6
1433220772624,257432,view,239604,,2015-06-02 06:52:52.624,2015,6,2,1,6
1433219959283,712443,view,346655,,2015-06-02 06:39:19.283,2015,6,2,1,6
1433218231292,936361,view,246634,,2015-06-02 06:10:31.292,2015,6,2,1,6
1433218357871,244974,view,328901,,2015-06-02 06:12:37.871,2015,6,2,1,6
1433217885963,594902,view,64521,,2015-06-02 06:04:45.963,2015,6,2,1,6
1433219161045,1317096,view,152085,,2015-06-02 06:26:01.045,2015,6,2,1,6
1433217383269,37840,view,297513,,2015-06-02 05:56:23.269,2015,6,2,1,5
1433218124231,995986,view,94099,,2015-06-02 06:08:44.231,2015,6,2,1,6
1433220141392,1394724,view,291689,,2015-06-02 06:42:21.392,2015,6,2,1,6
1433220479052,868445,view,156108,,2015-06-02 06:47:59.052,2015,6,2,1,6
1433218541046,517546,view,97750,,2015-06-02 06:15:41.046,2015,6,2,1,6
1433217543958,322679,view,352247,,2015-06-02 05:59:03.958,2015,6,2,1,5
1433218148039,472949,view,310353,,2015-06-02 06:09:08.039,2015,6,2,1,6
1433218148197,388217,view,170599,,2015-06-02 06:09:08.197,2015,6,2,1,6
1433218148829,103440,view,349737,,2015-06-02 06:09:08.829,2015,6,2,1,6
1433216787971,44558,view,262138,,2015-06-02 05:46:27.971,2015,6,2,1,5
1433220487573,591033,view,460188,,2015-06-02 06:48:07.573,2015,6,2,1,6
1433217365713,1140937,view,160259,,2015-06-02 05:56:05.713,2015,6,2,1,5
1433218154553,1041483,view,89977,,2015-06-02 06:09:14.553,2015,6,2,1,6
1433218069667,251041,view,393742,,2015-06-02 06:07:49.667,2015,6,2,1,6
1433217621937,239740,addtocart,367667,,2015-06-02 06:00:21.937,2015,6,2,1,6
1433220598812,712443,view,431322,,2015-06-02 06:49:58.812,2015,6,2,1,6
1433218109710,1121229,view,370889,,2015-06-02 06:08:29.710,2015,6,2,1,6
1433218108716,494732,view,137440,,2015-06-02 06:08:28.716,2015,6,2,1,6
1433218103662,1120751,view,375588,,2015-06-02 06:08:23.662,2015,6,2,1,6
1433220834470,994896,view,10572,,2015-06-02 06:53:54.470,2015,6,2,1,6
1433220227943,1248118,view,459109,,2015-06-02 06:43:47.943,2015,6,2,1,6
1433220473682,644296,view,203679,,2015-06-02 06:47:53.682,2015,6,2,1,6
1433218099933,483962,view,35881,,2015-06-02 06:08:19.933,2015,6,2,1,6
1433218183398,879797,view,427923,,2015-06-02 06:09:43.398,2015,6,2,1,6
1433220152367,1187942,view,161026,,2015-06-02 06:42:32.367,2015,6,2,1,6
1433220116635,1026160,view,197005,,2015-06-02 06:41:56.635,2015,6,2,1,6
1433219467746,246753,view,284941,,2015-06-02 06:31:07.746,2015,6,2,1,6
1433217585094,1092695,addtocart,38796,,2015-06-02 05:59:45.094,2015,6,2,1,5
1433216758745,97140,view,323280,,2015-06-02 05:45:58.745,2015,6,2,1,5
1433217609840,663067,view,167271,,2015-06-02 06:00:09.840,2015,6,2,1,6
1433220470032,114598,view,179683,,2015-06-02 06:47:50.032,2015,6,2,1,6
1433218203419,907809,view,57284,,2015-06-02 06:10:03.419,2015,6,2,1,6
1433220501536,179196,view,466501,,2015-06-02 06:48:21.536,2015,6,2,1,6
1433217112577,796623,view,227628,,2015-06-02 05:51:52.577,2015,6,2,1,5
1433218087643,169835,view,14858,,2015-06-02 06:08:07.643,2015,6,2,1,6
1433218210261,1137999,view,156094,,2015-06-02 06:10:10.261,2015,6,2,1,6
1433217884313,154348,view,273940,,2015-06-02 06:04:44.313,2015,6,2,1,6
1433220763474,992115,view,182099,,2015-06-02 06:52:43.474,2015,6,2,1,6
1433218213174,936361,view,315545,,2015-06-02 06:10:13.174,2015,6,2,1,6
1433217752051,1042749,view,172967,,2015-06-02 06:02:32.051,2015,6,2,1,6
1433217325353,1025745,view,464731,,2015-06-02 05:55:25.353,2015,6,2,1,5
1433217410543,1230877,view,60918,,2015-06-02 05:56:50.543,2015,6,2,1,5
1433218078654,397995,view,229204,,2015-06-02 06:07:58.654,2015,6,2,1,6
1433218373724,236181,view,67182,,2015-06-02 06:12:53.724,2015,6,2,1,6
1433218011420,1299250,view,422948,,2015-06-02 06:06:51.420,2015,6,2,1,6
1433218375150,1218306,view,171959,,2015-06-02 06:12:55.150,2015,6,2,1,6
1433219090552,322142,view,311052,,2015-06-02 06:24:50.552,2015,6,2,1,6
1433217301087,183568,view,335913,,2015-06-02 05:55:01.087,2015,6,2,1,5
1433218589241,363915,view,260256,,2015-06-02 06:16:29.241,2015,6,2,1,6
1433218592636,332961,view,464409,,2015-06-02 06:16:32.636,2015,6,2,1,6
1433217096768,722736,view,167587,,2015-06-02 05:51:36.768,2015,6,2,1,5
1433220611952,1398678,view,161688,,2015-06-02 06:50:11.952,2015,6,2,1,6
1433220284481,285091,view,218541,,2015-06-02 06:44:44.481,2015,6,2,1,6
1433220614148,328465,view,452210,,2015-06-02 06:50:14.148,2015,6,2,1,6
1433217681432,1353620,view,247061,,2015-06-02 06:01:21.432,2015,6,2,1,6
1433220615340,1046034,view,379002,,2015-06-02 06:50:15.340,2015,6,2,1,6
1433219566491,255540,view,310590,,2015-06-02 06:32:46.491,2015,6,2,1,6
1433218608582,992272,view,50814,,2015-06-02 06:16:48.582,2015,6,2,1,6
1433218388645,926210,view,290839,,2015-06-02 06:13:08.645,2015,6,2,1,6
1433217810130,662168,view,122604,,2015-06-02 06:03:30.130,2015,6,2,1,6
1433217778643,481406,view,347013,,2015-06-02 06:02:58.643,2015,6,2,1,6
1433216574429,1404060,view,272446,,2015-06-02 05:42:54.429,2015,6,2,1,5
1433217075114,542333,view,199952,,2015-06-02 05:51:15.114,2015,6,2,1,5
1433220021147,1402924,view,315543,,2015-06-02 06:40:21.147,2015,6,2,1,6
1433219906599,306088,view,281442,,2015-06-02 06:38:26.599,2015,6,2,1,6
1433218636795,776534,view,20388,,2015-06-02 06:17:16.795,2015,6,2,1,6
1433217911121,1203684,addtocart,80953,,2015-06-02 06:05:11.121,2015,6,2,1,6
1433217632756,192682,view,311303,,2015-06-02 06:00:32.756,2015,6,2,1,6
1433217273969,914970,view,326449,,2015-06-02 05:54:33.969,2015,6,2,1,5
1433217765656,596533,view,56153,,2015-06-02 06:02:45.656,2015,6,2,1,6
1433217668704,1299250,view,422948,,2015-06-02 06:01:08.704,2015,6,2,1,6
1433220741688,1141279,view,442837,,2015-06-02 06:52:21.688,2015,6,2,1,6
1433217517350,65083,view,134353,,2015-06-02 05:58:37.350,2015,6,2,1,5
1433217612201,591350,view,253615,,2015-06-02 06:00:12.201,2015,6,2,1,6
1433218654430,788592,view,91755,,2015-06-02 06:17:34.430,2015,6,2,1,6
1433218656157,443049,view,242521,,2015-06-02 06:17:36.157,2015,6,2,1,6
1433218656883,776534,view,20388,,2015-06-02 06:17:36.883,2015,6,2,1,6
1433218657204,624593,view,437293,,2015-06-02 06:17:37.204,2015,6,2,1,6
1433218662538,1238871,view,51561,,2015-06-02 06:17:42.538,2015,6,2,1,6
1433216663444,318122,view,6266,,2015-06-02 05:44:23.444,2015,6,2,1,5
1433218040381,1373937,view,242567,,2015-06-02 06:07:20.381,2015,6,2,1,6
1433218670607,745693,view,412297,,2015-06-02 06:17:50.607,2015,6,2,1,6
1433220813104,1141279,view,133415,,2015-06-02 06:53:33.104,2015,6,2,1,6
1433220860483,989491,view,389118,,2015-06-02 06:54:20.483,2015,6,2,1,6
1433216775435,1081632,view,87575,,2015-06-02 05:46:15.435,2015,6,2,1,5
1433219052619,745798,view,179849,,2015-06-02 06:24:12.619,2015,6,2,1,6
1433217817997,255540,view,50048,,2015-06-02 06:03:37.997,2015,6,2,1,6
1433217991330,407935,view,103076,,2015-06-02 06:06:31.330,2015,6,2,1,6
1433218680765,1088319,view,93144,,2015-06-02 06:18:00.765,2015,6,2,1,6
1433219666502,807025,view,437302,,2015-06-02 06:34:26.502,2015,6,2,1,6
1433219703308,875630,view,186352,,2015-06-02 06:35:03.308,2015,6,2,1,6
1433217436637,960480,view,393134,,2015-06-02 05:57:16.637,2015,6,2,1,5
1433217038414,680829,view,188698,,2015-06-02 05:50:38.414,2015,6,2,1,5
1433219310084,1317267,view,439537,,2015-06-02 06:28:30.084,2015,6,2,1,6
1433220179464,769795,view,438182,,2015-06-02 06:42:59.464,2015,6,2,1,6
1433217766975,1203684,view,53779,,2015-06-02 06:02:46.975,2015,6,2,1,6
1433218692951,676904,view,37583,,2015-06-02 06:18:12.951,2015,6,2,1,6
1433217200405,114473,view,32057,,2015-06-02 05:53:20.405,2015,6,2,1,5
1433220057774,498467,view,57165,,2015-06-02 06:40:57.774,2015,6,2,1,6
1433219869744,1756,view,296448,,2015-06-02 06:37:49.744,2015,6,2,1,6
1433218427136,571258,addtocart,50329,,2015-06-02 06:13:47.136,2015,6,2,1,6
1433217024543,132842,view,279690,,2015-06-02 05:50:24.543,2015,6,2,1,5
1433216792965,1154250,view,367790,,2015-06-02 05:46:32.965,2015,6,2,1,5
1433219595257,1044444,view,351825,,2015-06-02 06:33:15.257,2015,6,2,1,6
1433218433694,662168,view,184628,,2015-06-02 06:13:53.694,2015,6,2,1,6
1433220180667,922016,view,326799,,2015-06-02 06:43:00.667,2015,6,2,1,6
1433217864610,960480,view,165348,,2015-06-02 06:04:24.610,2015,6,2,1,6
1433216558478,874763,view,200537,,2015-06-02 05:42:38.478,2015,6,2,1,5
1433217983563,328935,view,48072,,2015-06-02 06:06:23.563,2015,6,2,1,6
1433218725824,98643,view,420960,,2015-06-02 06:18:45.824,2015,6,2,1,6
1433218734507,833956,view,235224,,2015-06-02 06:18:54.507,2015,6,2,1,6
1433217981477,1154250,view,367790,,2015-06-02 06:06:21.477,2015,6,2,1,6
1433220205709,493360,view,422822,,2015-06-02 06:43:25.709,2015,6,2,1,6
1433217715982,260791,view,323381,,2015-06-02 06:01:55.982,2015,6,2,1,6
1433218738635,1120239,view,379752,,2015-06-02 06:18:58.635,2015,6,2,1,6
1433219499096,835743,view,67438,,2015-06-02 06:31:39.096,2015,6,2,1,6
1433219282166,1331854,view,288171,,2015-06-02 06:28:02.166,2015,6,2,1,6
1433218741422,1194444,view,231243,,2015-06-02 06:19:01.422,2015,6,2,1,6
1433174910943,289199,view,36906,,2015-06-01 18:08:30.943,2015,6,1,0,18
1433175943200,596655,view,65889,,2015-06-01 18:25:43.200,2015,6,1,0,18
1433175521312,532258,view,157361,,2015-06-01 18:18:41.312,2015,6,1,0,18
1433173018911,1036871,view,187354,,2015-06-01 17:36:58.911,2015,6,1,0,17
1433175708754,302896,view,257196,,2015-06-01 18:21:48.754,2015,6,1,0,18
1433174825959,273406,addtocart,214912,,2015-06-01 18:07:05.959,2015,6,1,0,18
1433172971345,610183,view,60214,,2015-06-01 17:36:11.345,2015,6,1,0,17
1433173628668,769892,view,285729,,2015-06-01 17:47:08.668,2015,6,1,0,17
1433172636281,12773,view,78849,,2015-06-01 17:30:36.281,2015,6,1,0,17
1433172578643,649450,view,19664,,2015-06-01 17:29:38.643,2015,6,1,0,17
1433176499968,809753,view,153280,,2015-06-01 18:34:59.968,2015,6,1,0,18
1433173167013,633164,view,80622,,2015-06-01 17:39:27.013,2015,6,1,0,17
1433173012842,1098018,view,86497,,2015-06-01 17:36:52.842,2015,6,1,0,17
1433173273872,1130627,view,27494,,2015-06-01 17:41:13.872,2015,6,1,0,17
1433175517360,273406,view,351798,,2015-06-01 18:18:37.360,2015,6,1,0,18
1433172818588,813915,view,78060,,2015-06-01 17:33:38.588,2015,6,1,0,17
1433173938045,322407,view,309403,,2015-06-01 17:52:18.045,2015,6,1,0,17
1433173658460,325929,view,5440,,2015-06-01 17:47:38.460,2015,6,1,0,17
1433173218110,212698,view,216305,,2015-06-01 17:40:18.110,2015,6,1,0,17
1433174235482,356857,view,448817,,2015-06-01 17:57:15.482,2015,6,1,0,17
1433175546693,615793,addtocart,355994,,2015-06-01 18:19:06.693,2015,6,1,0,18
1433174234860,1345880,addtocart,52888,,2015-06-01 17:57:14.860,2015,6,1,0,17
1433173178917,1285796,view,306344,,2015-06-01 17:39:38.917,2015,6,1,0,17
1433176017138,615793,view,319992,,2015-06-01 18:26:57.138,2015,6,1,0,18
1433172666524,1022530,view,59192,,2015-06-01 17:31:06.524,2015,6,1,0,17
1433174966863,1164301,view,93900,,2015-06-01 18:09:26.863,2015,6,1,0,18
1433176437490,499677,view,30513,,2015-06-01 18:33:57.490,2015,6,1,0,18
1433176016314,835907,view,68892,,2015-06-01 18:26:56.314,2015,6,1,0,18
1433176076757,1292420,addtocart,47352,,2015-06-01 18:27:56.757,2015,6,1,0,18
1433176125569,20903,view,101094,,2015-06-01 18:28:45.569,2015,6,1,0,18
1433176781582,938537,view,257773,,2015-06-01 18:39:41.582,2015,6,1,0,18
1433176027191,820159,view,399053,,2015-06-01 18:27:07.191,2015,6,1,0,18
1433175511766,8736,view,24358,,2015-06-01 18:18:31.766,2015,6,1,0,18
1433176587177,1080654,view,300629,,2015-06-01 18:36:27.177,2015,6,1,0,18
1433174892472,273406,addtocart,120098,,2015-06-01 18:08:12.472,2015,6,1,0,18
1433174745404,969254,view,59691,,2015-06-01 18:05:45.404,2015,6,1,0,18
1433174974537,350566,view,47457,,2015-06-01 18:09:34.537,2015,6,1,0,18
1433176539371,503578,view,45121,,2015-06-01 18:35:39.371,2015,6,1,0,18
1433175308147,234164,view,70277,,2015-06-01 18:15:08.147,2015,6,1,0,18
1433174309393,161206,view,325256,,2015-06-01 17:58:29.393,2015,6,1,0,17
1433174533951,1311137,view,49803,,2015-06-01 18:02:13.951,2015,6,1,0,18
1433175558171,352608,view,113646,,2015-06-01 18:19:18.171,2015,6,1,0,18
1433172891821,1223889,view,367490,,2015-06-01 17:34:51.821,2015,6,1,0,17
1433172409757,63121,view,310791,,2015-06-01 17:26:49.757,2015,6,1,0,17
1433176306262,294658,view,283550,,2015-06-01 18:31:46.262,2015,6,1,0,18
1433175699239,647928,view,408649,,2015-06-01 18:21:39.239,2015,6,1,0,18
1433173158304,1079704,view,237318,,2015-06-01 17:39:18.304,2015,6,1,0,17
1433174041266,294006,view,441185,,2015-06-01 17:54:01.266,2015,6,1,0,17
1433173870189,759131,view,13021,,2015-06-01 17:51:10.189,2015,6,1,0,17
1433175912537,912233,view,378673,,2015-06-01 18:25:12.537,2015,6,1,0,18
1433176494651,434006,view,100307,,2015-06-01 18:34:54.651,2015,6,1,0,18
1433173076420,371359,view,139898,,2015-06-01 17:37:56.420,2015,6,1,0,17
1433176118071,1327144,view,139593,,2015-06-01 18:28:38.071,2015,6,1,0,18
1433175505192,113281,view,306513,,2015-06-01 18:18:25.192,2015,6,1,0,18
1433174060048,1041499,view,368503,,2015-06-01 17:54:20.048,2015,6,1,0,17
1433172922653,118053,view,304877,,2015-06-01 17:35:22.653,2015,6,1,0,17
1433172592378,422883,view,54435,,2015-06-01 17:29:52.378,2015,6,1,0,17
1433175741824,343153,view,253615,,2015-06-01 18:22:21.824,2015,6,1,0,18
1433172520454,1172198,view,414460,,2015-06-01 17:28:40.454,2015,6,1,0,17
1433174996338,273406,view,261288,,2015-06-01 18:09:56.338,2015,6,1,0,18
1433175320420,1117221,view,320770,,2015-06-01 18:15:20.420,2015,6,1,0,18
1433174827775,1093035,view,287356,,2015-06-01 18:07:07.775,2015,6,1,0,18
1433176753187,315969,view,95426,,2015-06-01 18:39:13.187,2015,6,1,0,18
1433173861310,983661,view,394522,,2015-06-01 17:51:01.310,2015,6,1,0,17
1433172646969,995602,view,259455,,2015-06-01 17:30:46.969,2015,6,1,0,17
1433175145954,1275438,view,234162,,2015-06-01 18:12:25.954,2015,6,1,0,18
1433174477016,1381613,view,41932,,2015-06-01 18:01:17.016,2015,6,1,0,18
1433174603266,693763,view,265482,,2015-06-01 18:03:23.266,2015,6,1,0,18
1433175003803,673927,view,425647,,2015-06-01 18:10:03.803,2015,6,1,0,18
1433174190052,983661,view,394522,,2015-06-01 17:56:30.052,2015,6,1,0,17
1433173460763,954429,view,170751,,2015-06-01 17:44:20.763,2015,6,1,0,17
1433175328543,759851,view,248816,,2015-06-01 18:15:28.543,2015,6,1,0,18
1433173855105,96154,view,200270,,2015-06-01 17:50:55.105,2015,6,1,0,17
1433174598991,189384,view,299044,,2015-06-01 18:03:18.991,2015,6,1,0,18
1433174188395,1162854,addtocart,13031,,2015-06-01 17:56:28.395,2015,6,1,0,17
1433174641955,492165,view,38913,,2015-06-01 18:04:01.955,2015,6,1,0,18
1433173964603,425170,view,37402,,2015-06-01 17:52:44.603,2015,6,1,0,17
1433175963370,485745,view,182642,,2015-06-01 18:26:03.370,2015,6,1,0,18
1433173301336,1103102,view,413990,,2015-06-01 17:41:41.336,2015,6,1,0,17
1433174516504,425170,view,228325,,2015-06-01 18:01:56.504,2015,6,1,0,18
1433175224614,835907,view,50467,,2015-06-01 18:13:44.614,2015,6,1,0,18
1433176618921,18581,view,187530,,2015-06-01 18:36:58.921,2015,6,1,0,18
1433175833085,216801,view,289984,,2015-06-01 18:23:53.085,2015,6,1,0,18
1433172933974,1398013,view,261863,,2015-06-01 17:35:33.974,2015,6,1,0,17
1433172453557,112347,view,380493,,2015-06-01 17:27:33.557,2015,6,1,0,17
1433176451051,632561,view,243336,,2015-06-01 18:34:11.051,2015,6,1,0,18
1433173188153,1368359,view,457380,,2015-06-01 17:39:48.153,2015,6,1,0,17
1433175496584,615793,view,355994,,2015-06-01 18:18:16.584,2015,6,1,0,18
1433173967525,1242001,view,387279,,2015-06-01 17:52:47.525,2015,6,1,0,17
1433173188388,1191882,view,154703,,2015-06-01 17:39:48.388,2015,6,1,0,17
1433174761571,1215488,view,389545,,2015-06-01 18:06:01.571,2015,6,1,0,18
1433174837702,1204552,view,179038,,2015-06-01 18:07:17.702,2015,6,1,0,18
1433176388606,1161163,view,181527,,2015-06-01 18:33:08.606,2015,6,1,0,18
1433176298817,190277,view,225083,,2015-06-01 18:31:38.817,2015,6,1,0,18
1433173152057,556273,view,152085,,2015-06-01 17:39:12.057,2015,6,1,0,17
1433173592655,322407,view,202835,,2015-06-01 17:46:32.655,2015,6,1,0,17
1433175016210,314189,view,138027,,2015-06-01 18:10:16.210,2015,6,1,0,18
1433172754114,965394,view,454672,,2015-06-01 17:32:34.114,2015,6,1,0,17
1433172856189,889657,view,15327,,2015-06-01 17:34:16.189,2015,6,1,0,17
1433176223373,83998,view,198251,,2015-06-01 18:30:23.373,2015,6,1,0,18
1433176251023,623884,view,5127,,2015-06-01 18:30:51.023,2015,6,1,0,18
1433173395834,943524,view,392074,,2015-06-01 17:43:15.834,2015,6,1,0,17
1433175017711,234164,view,262917,,2015-06-01 18:10:17.711,2015,6,1,0,18
1433176583251,312216,view,82452,,2015-06-01 18:36:23.251,2015,6,1,0,18
1433173342688,452021,view,96680,,2015-06-01 17:42:22.688,2015,6,1,0,17
1433172525331,653625,view,420871,,2015-06-01 17:28:45.331,2015,6,1,0,17
1433173394376,551925,view,304719,,2015-06-01 17:43:14.376,2015,6,1,0,17
1433174560982,229653,view,165816,,2015-06-01 18:02:40.982,2015,6,1,0,18
1433173465433,1215130,view,235224,,2015-06-01 17:44:25.433,2015,6,1,0,17
1433172491822,118053,view,304877,,2015-06-01 17:28:11.822,2015,6,1,0,17
1433173071125,322407,view,260957,,2015-06-01 17:37:51.125,2015,6,1,0,17
1433172163941,465755,view,294632,,2015-06-01 17:22:43.941,2015,6,1,0,17
1433175753117,548480,view,41217,,2015-06-01 18:22:33.117,2015,6,1,0,18
1433176488803,777696,view,158829,,2015-06-01 18:34:48.803,2015,6,1,0,18
1433173189819,910665,view,161951,,2015-06-01 17:39:49.819,2015,6,1,0,17
1433174837566,820159,view,80502,,2015-06-01 18:07:17.566,2015,6,1,0,18
1433174718167,406429,view,78978,,2015-06-01 18:05:18.167,2015,6,1,0,18
1433176763417,34648,view,281211,,2015-06-01 18:39:23.417,2015,6,1,0,18
1433173977945,259302,view,299256,,2015-06-01 17:52:57.945,2015,6,1,0,17
1433175028744,670171,view,429870,,2015-06-01 18:10:28.744,2015,6,1,0,18
1433173582607,332434,view,97932,,2015-06-01 17:46:22.607,2015,6,1,0,17
1433175685211,749276,addtocart,61240,,2015-06-01 18:21:25.211,2015,6,1,0,18
1433174823118,104529,view,440373,,2015-06-01 18:07:03.118,2015,6,1,0,18
1433175347884,936437,view,144675,,2015-06-01 18:15:47.884,2015,6,1,0,18
1433176736375,102019,transaction,150318,13556.0,2015-06-01 18:38:56.375,2015,6,1,0,18
1433173003000,348743,view,386056,,2015-06-01 17:36:43.000,2015,6,1,0,17
1433174628286,369530,view,94198,,2015-06-01 18:03:48.286,2015,6,1,0,18
1433174778418,601744,view,384514,,2015-06-01 18:06:18.418,2015,6,1,0,18
1433175757803,886287,view,91452,,2015-06-01 18:22:37.803,2015,6,1,0,18
1433176131188,800216,view,87824,,2015-06-01 18:28:51.188,2015,6,1,0,18
1433172900240,1267731,view,39490,,2015-06-01 17:35:00.240,2015,6,1,0,17
1433175484641,878815,view,355994,,2015-06-01 18:18:04.641,2015,6,1,0,18
1433172489521,1371643,view,12765,,2015-06-01 17:28:09.521,2015,6,1,0,17
1433174319711,425170,view,398012,,2015-06-01 17:58:39.711,2015,6,1,0,17
1433176429280,809753,view,329693,,2015-06-01 18:33:49.280,2015,6,1,0,18
1433173029022,1181810,view,444365,,2015-06-01 17:37:09.022,2015,6,1,0,17
1433173829834,322407,view,337348,,2015-06-01 17:50:29.834,2015,6,1,0,17
1433172936316,161416,view,303055,,2015-06-01 17:35:36.316,2015,6,1,0,17
1433173248656,1130627,view,27494,,2015-06-01 17:40:48.656,2015,6,1,0,17
1433174549836,291812,view,348942,,2015-06-01 18:02:29.836,2015,6,1,0,18
1433176039617,1134896,view,87824,,2015-06-01 18:27:19.617,2015,6,1,0,18
1433173989852,1403718,view,433165,,2015-06-01 17:53:09.852,2015,6,1,0,17
1433176770383,451946,view,459475,,2015-06-01 18:39:30.383,2015,6,1,0,18
1433176590113,1256558,view,361103,,2015-06-01 18:36:30.113,2015,6,1,0,18
1433172887919,140279,addtocart,255708,,2015-06-01 17:34:47.919,2015,6,1,0,17
1433173571419,556273,view,29908,,2015-06-01 17:46:11.419,2015,6,1,0,17
1433175360916,234513,view,216695,,2015-06-01 18:16:00.916,2015,6,1,0,18
1433173244388,779901,view,368094,,2015-06-01 17:40:44.388,2015,6,1,0,17
1433175474508,1242777,view,430292,,2015-06-01 18:17:54.508,2015,6,1,0,18
1433173243583,557378,view,24855,,2015-06-01 17:40:43.583,2015,6,1,0,17
1433172194611,111566,view,325319,,2015-06-01 17:23:14.611,2015,6,1,0,17
1433175367546,108118,view,157078,,2015-06-01 18:16:07.546,2015,6,1,0,18
1433174138407,367820,view,43389,,2015-06-01 17:55:38.407,2015,6,1,0,17
1433174518180,189384,transaction,310791,7244.0,2015-06-01 18:01:58.180,2015,6,1,0,18
1433175674086,749276,view,61240,,2015-06-01 18:21:14.086,2015,6,1,0,18
1433173811856,769892,view,335041,,2015-06-01 17:50:11.856,2015,6,1,0,17
1433175469834,1401694,view,303715,,2015-06-01 18:17:49.834,2015,6,1,0,18
1433175469591,878815,view,355994,,2015-06-01 18:17:49.591,2015,6,1,0,18
1433175371191,1052536,view,428372,,2015-06-01 18:16:11.191,2015,6,1,0,18
1433173060748,1269751,view,144076,,2015-06-01 17:37:40.748,2015,6,1,0,17
1433173239791,556273,view,401264,,2015-06-01 17:40:39.791,2015,6,1,0,17
1433173807741,5129,view,67748,,2015-06-01 17:50:07.741,2015,6,1,0,17
1433174759285,740145,view,442683,,2015-06-01 18:05:59.285,2015,6,1,0,18
1433175186893,1215544,view,182746,,2015-06-01 18:13:06.893,2015,6,1,0,18
1433172385479,1298909,view,347974,,2015-06-01 17:26:25.479,2015,6,1,0,17
1433175184863,442414,view,71846,,2015-06-01 18:13:04.863,2015,6,1,0,18
1433174423344,1296338,view,147825,,2015-06-01 18:00:23.344,2015,6,1,0,18
1433176320539,1235292,addtocart,240004,,2015-06-01 18:32:00.539,2015,6,1,0,18
1433174008862,559000,view,313203,,2015-06-01 17:53:28.862,2015,6,1,0,17
1433172605701,184551,view,277276,,2015-06-01 17:30:05.701,2015,6,1,0,17
1433175889738,615793,view,319992,,2015-06-01 18:24:49.738,2015,6,1,0,18
1433173136799,1014645,view,112568,,2015-06-01 17:38:56.799,2015,6,1,0,17
1433174122649,425170,view,37402,,2015-06-01 17:55:22.649,2015,6,1,0,17
1433172316549,1113387,view,266900,,2015-06-01 17:25:16.549,2015,6,1,0,17
1433172221786,715063,view,319992,,2015-06-01 17:23:41.786,2015,6,1,0,17
1433175182982,1037305,view,22471,,2015-06-01 18:13:02.982,2015,6,1,0,18
1433174362973,370699,view,360403,,2015-06-01 17:59:22.973,2015,6,1,0,17
1433175182449,1053369,view,138273,,2015-06-01 18:13:02.449,2015,6,1,0,18
1433173712975,487643,view,29100,,2015-06-01 17:48:32.975,2015,6,1,0,17
1433172193572,670816,view,296594,,2015-06-01 17:23:13.572,2015,6,1,0,17
1433175920821,615793,view,460188,,2015-06-01 18:25:20.821,2015,6,1,0,18
1433175610166,46719,view,340749,,2015-06-01 18:20:10.166,2015,6,1,0,18
1433175776554,390248,view,327424,,2015-06-01 18:22:56.554,2015,6,1,0,18
1433173107245,860226,view,431621,,2015-06-01 17:38:27.245,2015,6,1,0,17
1433172951638,1208175,view,117564,,2015-06-01 17:35:51.638,2015,6,1,0,17
1433173365706,557378,view,250658,,2015-06-01 17:42:45.706,2015,6,1,0,17
1433176380987,1071395,view,368231,,2015-06-01 18:33:00.987,2015,6,1,0,18
1433176296284,1080654,view,215413,,2015-06-01 18:31:36.284,2015,6,1,0,18
1433172326355,347864,view,314784,,2015-06-01 17:25:26.355,2015,6,1,0,17
1433173489649,69471,view,461301,,2015-06-01 17:44:49.649,2015,6,1,0,17
1433175083670,433834,view,420578,,2015-06-01 18:11:23.670,2015,6,1,0,18
1433174341347,189384,addtocart,310791,,2015-06-01 17:59:01.347,2015,6,1,0,17
1433173489881,404768,view,421884,,2015-06-01 17:44:49.881,2015,6,1,0,17
1433173323994,384824,view,392895,,2015-06-01 17:42:03.994,2015,6,1,0,17
1433176459513,278983,view,75873,,2015-06-01 18:34:19.513,2015,6,1,0,18
1433173364671,1221409,view,56763,,2015-06-01 17:42:44.671,2015,6,1,0,17
1433174634926,273406,view,138114,,2015-06-01 18:03:54.926,2015,6,1,0,18
1433176098244,518659,view,426298,,2015-06-01 18:28:18.244,2015,6,1,0,18
1433174109166,651718,view,51646,,2015-06-01 17:55:09.166,2015,6,1,0,17
1433176172191,322407,view,202835,,2015-06-01 18:29:32.191,2015,6,1,0,18
1433174387932,312735,view,374841,,2015-06-01 17:59:47.932,2015,6,1,0,17
1433176577400,76370,view,356236,,2015-06-01 18:36:17.400,2015,6,1,0,18
1433173034929,494371,view,239020,,2015-06-01 17:37:14.929,2015,6,1,0,17
1433174703043,73449,view,374101,,2015-06-01 18:05:03.043,2015,6,1,0,18
1433175895575,138131,addtocart,430292,,2015-06-01 18:24:55.575,2015,6,1,0,18
1433173362711,294858,view,245879,,2015-06-01 17:42:42.711,2015,6,1,0,17
1433176296108,350566,view,379520,,2015-06-01 18:31:36.108,2015,6,1,0,18
1433174103718,924226,view,325978,,2015-06-01 17:55:03.718,2015,6,1,0,17
1433176585722,995781,view,415437,,2015-06-01 18:36:25.722,2015,6,1,0,18
1433175395350,581,view,388097,,2015-06-01 18:16:35.350,2015,6,1,0,18
1433174101993,629501,view,275648,,2015-06-01 17:55:01.993,2015,6,1,0,17
1433176064808,121134,view,93067,,2015-06-01 18:27:44.808,2015,6,1,0,18
1433176778262,485547,view,205347,,2015-06-01 18:39:38.262,2015,6,1,0,18
1433175617490,1308748,view,122607,,2015-06-01 18:20:17.490,2015,6,1,0,18
1433173510645,101700,view,100345,,2015-06-01 17:45:10.645,2015,6,1,0,17
1433172912152,253731,view,307285,,2015-06-01 17:35:12.152,2015,6,1,0,17
1433172617625,293206,addtocart,379092,,2015-06-01 17:30:17.625,2015,6,1,0,17
1433172337224,891718,view,56710,,2015-06-01 17:25:37.224,2015,6,1,0,17
1433175618422,390248,view,376911,,2015-06-01 18:20:18.422,2015,6,1,0,18
1433173541749,565684,view,387488,,2015-06-01 17:45:41.749,2015,6,1,0,17
1433175619219,615793,view,306433,,2015-06-01 18:20:19.219,2015,6,1,0,18
1433172940779,785611,view,64751,,2015-06-01 17:35:40.779,2015,6,1,0,17
1433174850679,14699,view,265166,,2015-06-01 18:07:30.679,2015,6,1,0,18
1433172373453,500669,view,447995,,2015-06-01 17:26:13.453,2015,6,1,0,17
1433176308726,1192199,view,461765,,2015-06-01 18:31:48.726,2015,6,1,0,18
1433174725422,1033786,view,209619,,2015-06-01 18:05:25.422,2015,6,1,0,18
1433174467797,1056912,view,110515,,2015-06-01 18:01:07.797,2015,6,1,0,18
1433173539824,1103186,view,257952,,2015-06-01 17:45:39.824,2015,6,1,0,17
1433176473625,35692,view,172063,,2015-06-01 18:34:33.625,2015,6,1,0,18
1433172456013,118053,view,304877,,2015-06-01 17:27:36.013,2015,6,1,0,17
1433172757638,1072485,view,38403,,2015-06-01 17:32:37.638,2015,6,1,0,17
1433173328039,1194501,view,165084,,2015-06-01 17:42:08.039,2015,6,1,0,17
1433176640051,409254,view,276245,,2015-06-01 18:37:20.051,2015,6,1,0,18
1433176063071,343153,view,262159,,2015-06-01 18:27:43.071,2015,6,1,0,18
1433172745953,1235292,view,293735,,2015-06-01 17:32:25.953,2015,6,1,0,17
1433176050975,438659,view,4332,,2015-06-01 18:27:30.975,2015,6,1,0,18
1433176609819,809753,view,153280,,2015-06-01 18:36:49.819,2015,6,1,0,18
1433176777974,1321540,view,91249,,2015-06-01 18:39:37.974,2015,6,1,0,18
1433173512893,40946,view,140141,,2015-06-01 17:45:12.893,2015,6,1,0,17
1433173535616,404768,view,263188,,2015-06-01 17:45:35.616,2015,6,1,0,17
1433175625341,1085369,view,267196,,2015-06-01 18:20:25.341,2015,6,1,0,18
1433173728239,672060,view,217268,,2015-06-01 17:48:48.239,2015,6,1,0,17
1433175109292,492165,view,191101,,2015-06-01 18:11:49.292,2015,6,1,0,18
1433176373044,383770,view,158507,,2015-06-01 18:32:53.044,2015,6,1,0,18
1433173354239,1349454,view,370956,,2015-06-01 17:42:34.239,2015,6,1,0,17
1433175408906,189384,view,299044,,2015-06-01 18:16:48.906,2015,6,1,0,18
1433173499307,284327,view,147965,,2015-06-01 17:44:59.307,2015,6,1,0,17
1433173352925,1094964,view,6992,,2015-06-01 17:42:32.925,2015,6,1,0,17
1433176632267,262510,view,58961,,2015-06-01 18:37:12.267,2015,6,1,0,18
1433176143401,448855,view,256695,,2015-06-01 18:29:03.401,2015,6,1,0,18
1433176193130,110339,view,10659,,2015-06-01 18:29:53.130,2015,6,1,0,18
1433175999709,302896,view,111010,,2015-06-01 18:26:39.709,2015,6,1,0,18
1433175161357,1053369,view,138273,,2015-06-01 18:12:41.357,2015,6,1,0,18
1433176574575,1324247,view,391131,,2015-06-01 18:36:14.575,2015,6,1,0,18
1433172985504,1390955,view,81470,,2015-06-01 17:36:25.504,2015,6,1,0,17
1433172992159,518838,view,354701,,2015-06-01 17:36:32.159,2015,6,1,0,17
1433172352825,697663,view,110994,,2015-06-01 17:25:52.825,2015,6,1,0,17
1433175629346,343153,view,28100,,2015-06-01 18:20:29.346,2015,6,1,0,18
1433176054009,1301339,view,209792,,2015-06-01 18:27:34.009,2015,6,1,0,18
1433175117985,562136,view,293687,,2015-06-01 18:11:57.985,2015,6,1,0,18
1433174075536,1221409,view,408404,,2015-06-01 17:54:35.536,2015,6,1,0,17
1433175120851,1109399,view,387691,,2015-06-01 18:12:00.851,2015,6,1,0,18
1433174342129,446721,view,332628,,2015-06-01 17:59:02.129,2015,6,1,0,17
1433172356228,1098018,view,456889,,2015-06-01 17:25:56.228,2015,6,1,0,17
1433174658922,901082,view,338130,,2015-06-01 18:04:18.922,2015,6,1,0,18
1433175158211,1351643,view,156993,,2015-06-01 18:12:38.211,2015,6,1,0,18
1433173348889,127547,view,177478,,2015-06-01 17:42:28.889,2015,6,1,0,17
1433176417216,139579,view,188558,,2015-06-01 18:33:37.216,2015,6,1,0,18
1433173503208,1326818,view,409655,,2015-06-01 17:45:03.208,2015,6,1,0,17
1433175905485,1161163,view,383396,,2015-06-01 18:25:05.485,2015,6,1,0,18
1433173046480,1308992,view,240421,,2015-06-01 17:37:26.480,2015,6,1,0,17
1433172946315,1071808,view,426550,,2015-06-01 17:35:46.315,2015,6,1,0,17
1433174926523,945706,view,121318,,2015-06-01 18:08:46.523,2015,6,1,0,18
1433172463583,184551,view,277276,,2015-06-01 17:27:43.583,2015,6,1,0,17
1433174413087,834101,view,429963,,2015-06-01 18:00:13.087,2015,6,1,0,18
1433175269636,12635,view,275269,,2015-06-01 18:14:29.636,2015,6,1,0,18
1433174265621,1235292,view,240004,,2015-06-01 17:57:45.621,2015,6,1,0,17
1433173437084,404768,view,325256,,2015-06-01 17:43:57.084,2015,6,1,0,17
1433175266327,752647,view,360516,,2015-06-01 18:14:26.327,2015,6,1,0,18
1433173088176,751255,view,167484,,2015-06-01 17:38:08.176,2015,6,1,0,17
1433173640262,668436,view,193359,,2015-06-01 17:47:20.262,2015,6,1,0,17
1433174430018,1381613,view,60376,,2015-06-01 18:00:30.018,2015,6,1,0,18
1433174482157,232569,view,306256,,2015-06-01 18:01:22.157,2015,6,1,0,18
1433176121274,343153,view,262159,,2015-06-01 18:28:41.274,2015,6,1,0,18
1433173348092,127547,view,391089,,2015-06-01 17:42:28.092,2015,6,1,0,17
1433174919240,189384,view,299044,,2015-06-01 18:08:39.240,2015,6,1,0,18
1433172927608,1223889,view,243355,,2015-06-01 17:35:27.608,2015,6,1,0,17
1433173912155,127547,view,270950,,2015-06-01 17:51:52.155,2015,6,1,0,17
1433175945068,472533,view,12523,,2015-06-01 18:25:45.068,2015,6,1,0,18
1433174916114,1404317,view,99038,,2015-06-01 18:08:36.114,2015,6,1,0,18
1433175848050,607793,view,168515,,2015-06-01 18:24:08.050,2015,6,1,0,18
1433174942184,1283529,view,207108,,2015-06-01 18:09:02.184,2015,6,1,0,18
1433172453651,73449,view,65286,,2015-06-01 17:27:33.651,2015,6,1,0,17
1433172967661,977087,view,373384,,2015-06-01 17:36:07.661,2015,6,1,0,17
1433176502466,1208311,view,375239,,2015-06-01 18:35:02.466,2015,6,1,0,18
1433175854695,216801,view,19629,,2015-06-01 18:24:14.695,2015,6,1,0,18
1433172758593,610183,view,272563,,2015-06-01 17:32:38.593,2015,6,1,0,17
1433182890869,815279,view,12489,,2015-06-01 20:21:30.869,2015,6,1,0,20
1433182613050,778052,view,234865,,2015-06-01 20:16:53.050,2015,6,1,0,20
1433182895812,326157,view,88402,,2015-06-01 20:21:35.812,2015,6,1,0,20
1433182899272,801815,view,365425,,2015-06-01 20:21:39.272,2015,6,1,0,20
1433182901002,350566,view,299044,,2015-06-01 20:21:41.002,2015,6,1,0,20
1433182903229,1083852,view,82174,,2015-06-01 20:21:43.229,2015,6,1,0,20
1433182591447,973299,view,277264,,2015-06-01 20:16:31.447,2015,6,1,0,20
1433182912334,826578,view,96776,,2015-06-01 20:21:52.334,2015,6,1,0,20
1433182914051,130434,view,284600,,2015-06-01 20:21:54.051,2015,6,1,0,20
1433182916416,1337946,view,183087,,2015-06-01 20:21:56.416,2015,6,1,0,20
1433182923465,1210904,view,381265,,2015-06-01 20:22:03.465,2015,6,1,0,20
1433182929093,728227,view,240909,,2015-06-01 20:22:09.093,2015,6,1,0,20
1433182553006,1319300,view,63668,,2015-06-01 20:15:53.006,2015,6,1,0,20
