nb_visites,nb_views,nb_addtocarts,nb_transactions,nb_items_bought,sum_time_second,sum_time_minute,sum_time_hour,mean_time_tran_sec,mean_time_tran_minute,mean_time_tran_hour
858,802.0,29.0,23.0,27.0,11057991.572,184300.0,3071.66,480782.2422608696,8013.0,133.55
528,342.0,114.0,51.0,72.0,11043692.226,184062.0,3067.69,216542.9848235294,3609.0,60.15
2474,2368.0,56.0,44.0,50.0,10461816.134,174364.0,2906.06,237768.5485,3963.0,66.05
536,494.0,32.0,10.0,10.0,10386050.076,173101.0,2885.01,1038605.0075999999,17310.0,288.5
135,108.0,14.0,8.0,13.0,10293871.21,171565.0,2859.41,1286733.90125,21446.0,357.43
386,366.0,12.0,8.0,8.0,10109068.317,168484.0,2808.07,1263633.539625,21061.0,351.01
64,40.0,10.0,8.0,14.0,9935806.087,165597.0,2759.95,1241975.760875,20700.0,344.99
11,4.0,4.0,3.0,3.0,9776062.085,162934.0,2715.57,3258687.361666667,54311.0,905.19
34,10.0,11.0,13.0,13.0,9749692.574,162495.0,2708.25,749976.3518461537,12500.0,208.33
158,129.0,16.0,2.0,13.0,9718010.384,161967.0,2699.45,4859005.192,80983.0,1349.72
8,4.0,2.0,2.0,2.0,9673156.214,161219.0,2686.99,4836578.107,80610.0,1343.49
347,243.0,78.0,22.0,26.0,9520168.384,158669.0,2644.49,432734.92654545454,7212.0,120.2
49,30.0,10.0,2.0,9.0,9498244.061,158304.0,2638.4,4749122.0305,79152.0,1319.2
28,20.0,4.0,3.0,4.0,9400753.595,156679.0,2611.32,3133584.5316666667,52226.0,870.44
480,345.0,113.0,16.0,22.0,9316626.78,155277.0,2587.95,582289.17375,9705.0,161.75
254,195.0,45.0,13.0,14.0,9130618.248,152177.0,2536.28,702355.2498461538,11706.0,195.1
469,444.0,18.0,7.0,7.0,9079006.374,151317.0,2521.95,1297000.9105714285,21617.0,360.28
33,18.0,8.0,4.0,7.0,8972073.588,149535.0,2492.24,2243018.397,37384.0,623.06
9,3.0,4.0,2.0,2.0,8890285.847,148171.0,2469.52,4445142.9235,74086.0,1234.76
1752,1684.0,48.0,11.0,20.0,8817252.42,146954.0,2449.24,801568.4018181819,13359.0,222.66
20,12.0,4.0,4.0,4.0,8723278.689,145388.0,2423.13,2180819.67225,36347.0,605.78
200,191.0,5.0,2.0,4.0,8561988.541,142700.0,2378.33,4280994.2705,71350.0,1189.17
16,10.0,3.0,3.0,3.0,8539178.873,142320.0,2371.99,2846392.9576666667,47440.0,790.66
83,52.0,17.0,12.0,14.0,8491660.202,141528.0,2358.79,707638.3501666667,11794.0,196.57
507,496.0,5.0,6.0,6.0,8298002.18,138300.0,2305.0,1383000.3633333333,23050.0,384.17
241,235.0,3.0,3.0,3.0,8120901.069,135348.0,2255.81,2706967.023,45116.0,751.94
6,4.0,0.0,2.0,2.0,8062404.877,134373.0,2239.56,4031202.4385,67187.0,1119.78
188,145.0,25.0,7.0,18.0,7869201.4,131153.0,2185.89,1124171.6285714286,18736.0,312.27
96,58.0,19.0,6.0,19.0,7848616.028,130810.0,2180.17,1308102.6713333332,21802.0,363.36
15,11.0,2.0,2.0,2.0,7724792.907,128747.0,2145.78,3862396.4535,64373.0,1072.89
4328,3623.0,419.0,221.0,286.0,7703030.833,128384.0,2139.73,34855.3431357466,581.0,9.68
50,34.0,11.0,4.0,5.0,7509157.45,125153.0,2085.88,1877289.3625,31288.0,521.47
55,38.0,11.0,5.0,6.0,7450203.883,124170.0,2069.5,1490040.7766,24834.0,413.9
4,0.0,2.0,2.0,2.0,7435016.984,123917.0,2065.28,3717508.492,61958.0,1032.64
8,4.0,2.0,2.0,2.0,7260231.52,121004.0,2016.73,3630115.76,60502.0,1008.37
6,4.0,0.0,2.0,2.0,7250292.909,120838.0,2013.97,3625146.4545,60419.0,1006.99
6,2.0,2.0,2.0,2.0,7136367.06,118939.0,1982.32,3568183.53,59470.0,991.16
937,856.0,46.0,31.0,35.0,7007519.869,116792.0,1946.53,226049.02803225807,3767.0,62.79
895,885.0,6.0,4.0,4.0,6822619.208,113710.0,1895.17,1705654.802,28428.0,473.79
744,629.0,106.0,5.0,9.0,6723105.698,112052.0,1867.53,1344621.1395999999,22410.0,373.51
173,165.0,3.0,5.0,5.0,6657439.778,110957.0,1849.29,1331487.9556,22191.0,369.86
31,27.0,2.0,2.0,2.0,6649874.069,110831.0,1847.19,3324937.0345,55416.0,923.59
16,11.0,3.0,2.0,2.0,6631168.053,110519.0,1841.99,3315584.0265,55260.0,921.0
40,28.0,0.0,2.0,12.0,6494627.773,108244.0,1804.06,3247313.8865,54122.0,902.03
109,97.0,6.0,4.0,6.0,6392433.282,106541.0,1775.68,1598108.3205,26635.0,443.92
13,8.0,2.0,3.0,3.0,6330856.072,105514.0,1758.57,2110285.357333333,35171.0,586.19
12,7.0,2.0,2.0,3.0,6236449.741,103941.0,1732.35,3118224.8705,51970.0,866.17
25,19.0,3.0,3.0,3.0,6220276.877,103671.0,1727.85,2073425.6256666668,34557.0,575.95
10,4.0,3.0,3.0,3.0,6148070.309,102468.0,1707.8,2049356.7696666669,34156.0,569.27
37,10.0,15.0,7.0,12.0,6142316.526,102372.0,1706.2,877473.7894285714,14625.0,243.74
152,117.0,18.0,10.0,17.0,6007852.761,100131.0,1668.85,600785.2761,10013.0,166.88
79,73.0,3.0,2.0,3.0,5970079.46,99501.0,1658.36,2985039.73,49751.0,829.18
41,18.0,20.0,3.0,3.0,5956212.316,99270.0,1654.5,1985404.1053333331,33090.0,551.5
13,9.0,2.0,2.0,2.0,5780497.808,96342.0,1605.69,2890248.904,48171.0,802.85
23,14.0,3.0,3.0,6.0,5759372.653,95990.0,1599.83,1919790.8843333332,31997.0,533.28
7,3.0,2.0,2.0,2.0,5707615.333,95127.0,1585.45,2853807.6665,47563.0,792.72
83,66.0,10.0,5.0,7.0,5694407.541,94907.0,1581.78,1138881.5082,18981.0,316.36
424,401.0,13.0,9.0,10.0,5620322.482,93672.0,1561.2,624480.2757777778,10408.0,173.47
194,150.0,20.0,6.0,24.0,5465138.351,91086.0,1518.09,910856.3918333333,15181.0,253.02
650,627.0,13.0,9.0,10.0,5455566.797,90926.0,1515.44,606174.0885555556,10103.0,168.38
9,3.0,3.0,3.0,3.0,5445362.085,90756.0,1512.6,1815120.695,30252.0,504.2
1614,1490.0,84.0,17.0,40.0,5358732.999,89312.0,1488.54,315219.5881764706,5254.0,87.56
13,9.0,2.0,2.0,2.0,5357951.153,89299.0,1488.32,2678975.5765,44650.0,744.16
154,118.0,16.0,6.0,20.0,5298192.157,88303.0,1471.72,883032.0261666666,14717.0,245.29
125,118.0,4.0,3.0,3.0,5276111.146,87935.0,1465.59,1758703.7153333332,29312.0,488.53
125,120.0,3.0,2.0,2.0,5267794.844,87797.0,1463.28,2633897.422,43898.0,731.64
585,385.0,189.0,10.0,11.0,5266469.046,87774.0,1462.91,526646.9046,8777.0,146.29
119,87.0,16.0,3.0,16.0,5206230.647,86771.0,1446.18,1735410.2156666666,28924.0,482.06
84,78.0,2.0,3.0,4.0,5176611.08,86277.0,1437.95,1725537.0266666666,28759.0,479.32
1611,1231.0,207.0,137.0,173.0,5097525.932,84959.0,1415.98,37208.21848175183,620.0,10.34
10,6.0,2.0,2.0,2.0,5027611.93,83794.0,1396.56,2513805.965,41897.0,698.28
92,86.0,4.0,2.0,2.0,4983433.09,83057.0,1384.29,2491716.545,41529.0,692.14
42,19.0,13.0,2.0,10.0,4923668.5,82061.0,1367.69,2461834.25,41031.0,683.84
51,44.0,4.0,3.0,3.0,4840746.414,80679.0,1344.65,1613582.138,26893.0,448.22
38,15.0,10.0,3.0,13.0,4827181.772,80453.0,1340.88,1609060.5906666666,26818.0,446.96
101,69.0,22.0,3.0,10.0,4807101.987,80118.0,1335.31,1602367.329,26706.0,445.1
129,117.0,8.0,2.0,4.0,4675738.254,77929.0,1298.82,2337869.127,38964.0,649.41
12,6.0,3.0,2.0,3.0,4583722.88,76395.0,1273.26,2291861.44,38198.0,636.63
45,41.0,2.0,2.0,2.0,4558759.763,75979.0,1266.32,2279379.8815,37990.0,633.16
20,9.0,5.0,2.0,6.0,4501009.854,75017.0,1250.28,2250504.927,37508.0,625.14
16,11.0,3.0,2.0,2.0,4478341.712,74639.0,1243.98,2239170.856,37320.0,621.99
20,15.0,3.0,2.0,2.0,4326906.294,72115.0,1201.92,2163453.147,36058.0,600.96
44,38.0,3.0,3.0,3.0,4275027.516,71250.0,1187.51,1425009.172,23750.0,395.84
24,9.0,8.0,2.0,7.0,4238267.963,70638.0,1177.3,2119133.9815,35319.0,588.65
45,30.0,8.0,4.0,7.0,4235203.203,70587.0,1176.45,1058800.80075,17647.0,294.11
69,33.0,20.0,3.0,16.0,4221384.271,70356.0,1172.61,1407128.0903333332,23452.0,390.87
38,26.0,4.0,4.0,8.0,4205702.777,70095.0,1168.25,1051425.69425,17524.0,292.06
1883,1402.0,296.0,155.0,185.0,4171393.476,69523.0,1158.72,26912.215974193547,449.0,7.48
10,7.0,1.0,2.0,2.0,4162602.471,69377.0,1156.28,2081301.2355,34688.0,578.14
1461,1420.0,26.0,13.0,15.0,4150903.362,69182.0,1153.03,319300.25861538464,5322.0,88.69
32,29.0,1.0,2.0,2.0,4141521.77,69025.0,1150.42,2070760.885,34513.0,575.21
62,58.0,2.0,2.0,2.0,4081240.699,68021.0,1133.68,2040620.3495,34010.0,566.84
18,14.0,2.0,2.0,2.0,4063394.125,67723.0,1128.72,2031697.0625,33862.0,564.36
129,94.0,18.0,8.0,17.0,3966154.191,66103.0,1101.71,495769.273875,8263.0,137.71
31,24.0,4.0,2.0,3.0,3961295.921,66022.0,1100.36,1980647.9605,33011.0,550.18
3024,2304.0,371.0,278.0,349.0,3922122.19,65369.0,1089.48,14108.35320143885,235.0,3.92
73,67.0,4.0,2.0,2.0,3884138.386,64736.0,1078.93,1942069.193,32368.0,539.46
9,5.0,2.0,2.0,2.0,3823357.273,63723.0,1062.04,1911678.6365,31861.0,531.02
77,72.0,3.0,2.0,2.0,3820276.159,63671.0,1061.19,1910138.0795,31836.0,530.59
1663,1417.0,131.0,93.0,115.0,3812064.137,63534.0,1058.91,40989.93695698925,683.0,11.39
23,11.0,9.0,2.0,3.0,3804405.813,63407.0,1056.78,1902202.9065,31703.0,528.39
114,96.0,14.0,2.0,4.0,3791673.837,63195.0,1053.24,1895836.9185,31597.0,526.62
33,14.0,9.0,2.0,10.0,3766110.806,62769.0,1046.14,1883055.403,31384.0,523.07
55,41.0,6.0,4.0,8.0,3745374.799,62423.0,1040.38,936343.69975,15606.0,260.1
21,15.0,3.0,3.0,3.0,3728739.444,62146.0,1035.76,1242913.148,20715.0,345.25
68,59.0,5.0,4.0,4.0,3717226.189,61954.0,1032.56,929306.54725,15488.0,258.14
80,56.0,21.0,3.0,3.0,3709459.237,61824.0,1030.41,1236486.4123333334,20608.0,343.47
800,734.0,35.0,28.0,31.0,3706266.774,61771.0,1029.52,132366.6705,2206.0,36.77
29,25.0,2.0,2.0,2.0,3703429.989,61724.0,1028.73,1851714.9945,30862.0,514.37
812,691.0,61.0,45.0,60.0,3626867.708,60448.0,1007.46,80597.06017777778,1343.0,22.39
208,189.0,10.0,8.0,9.0,3523745.184,58729.0,978.82,440468.148,7341.0,122.35
49,45.0,2.0,2.0,2.0,3445687.093,57428.0,957.14,1722843.5465,28714.0,478.57
18,9.0,6.0,3.0,3.0,3433671.628,57228.0,953.8,1144557.2093333334,19076.0,317.93
21,12.0,4.0,3.0,5.0,3332288.832,55538.0,925.64,1110762.944,18513.0,308.55
40,31.0,5.0,2.0,4.0,3328262.807,55471.0,924.52,1664131.4035,27736.0,462.26
16,11.0,3.0,2.0,2.0,3239257.552,53988.0,899.79,1619628.776,26994.0,449.9
869,664.0,105.0,79.0,100.0,3207952.247,53466.0,891.1,40606.99046835443,677.0,11.28
31,18.0,7.0,4.0,6.0,3168794.494,52813.0,880.22,792198.6235,13203.0,220.06
9,3.0,3.0,3.0,3.0,3119430.706,51991.0,866.51,1039810.2353333333,17330.0,288.84
14,9.0,3.0,2.0,2.0,3052525.747,50875.0,847.92,1526262.8735,25438.0,423.96
60,38.0,11.0,4.0,11.0,3042710.934,50712.0,845.2,760677.7335,12678.0,211.3
8,5.0,1.0,2.0,2.0,3009205.007,50153.0,835.89,1504602.5035,25077.0,417.95
13,9.0,2.0,2.0,2.0,2963193.942,49387.0,823.11,1481596.971,24693.0,411.55
12,7.0,3.0,2.0,2.0,2949778.171,49163.0,819.38,1474889.0855,24581.0,409.69
108,94.0,11.0,2.0,3.0,2948050.722,49134.0,818.9,1474025.361,24567.0,409.45
85,27.0,34.0,4.0,24.0,2930303.568,48838.0,813.97,732575.892,12210.0,203.49
347,326.0,15.0,6.0,6.0,2924867.753,48748.0,812.46,487477.95883333334,8125.0,135.41
47,29.0,14.0,2.0,4.0,2870676.387,47845.0,797.41,1435338.1935,23922.0,398.71
53,19.0,18.0,4.0,16.0,2851142.846,47519.0,791.98,712785.7115,11880.0,198.0
14,10.0,2.0,2.0,2.0,2848977.423,47483.0,791.38,1424488.7115,23741.0,395.69
1698,1401.0,165.0,124.0,132.0,2769287.364,46155.0,769.25,22332.962612903226,372.0,6.2
13,9.0,2.0,2.0,2.0,2763176.094,46053.0,767.55,1381588.047,23026.0,383.77
97,84.0,8.0,4.0,5.0,2721898.637,45365.0,756.08,680474.65925,11341.0,189.02
30,25.0,2.0,2.0,3.0,2712586.18,45210.0,753.5,1356293.09,22605.0,376.75
2410,2194.0,124.0,81.0,92.0,2702204.37,45037.0,750.61,33360.54777777778,556.0,9.27
1822,1531.0,155.0,111.0,136.0,2697957.694,44966.0,749.43,24305.925171171173,405.0,6.75
24,20.0,2.0,2.0,2.0,2683712.982,44729.0,745.48,1341856.491,22364.0,372.74
25,21.0,2.0,2.0,2.0,2672399.017,44540.0,742.33,1336199.5085,22270.0,371.17
50,29.0,13.0,2.0,8.0,2660264.484,44338.0,738.96,1330132.242,22169.0,369.48
18,14.0,1.0,2.0,3.0,2638464.139,43974.0,732.91,1319232.0695,21987.0,366.45
1524,1276.0,136.0,92.0,112.0,2634968.855,43916.0,731.94,28640.96581521739,477.0,7.96
23,17.0,3.0,2.0,3.0,2616033.355,43601.0,726.68,1308016.6775,21800.0,363.34
10,5.0,3.0,2.0,2.0,2596421.076,43274.0,721.23,1298210.538,21637.0,360.61
22,13.0,5.0,3.0,4.0,2591842.511,43197.0,719.96,863947.5036666667,14399.0,239.99
10,4.0,3.0,2.0,3.0,2588084.218,43135.0,718.91,1294042.109,21567.0,359.46
7,3.0,2.0,2.0,2.0,2587930.743,43132.0,718.87,1293965.3715,21566.0,359.43
181,158.0,14.0,3.0,9.0,2586546.048,43109.0,718.49,862182.016,14370.0,239.5
23,11.0,6.0,3.0,6.0,2554517.28,42575.0,709.59,851505.7599999999,14192.0,236.53
736,602.0,78.0,47.0,56.0,2499653.542,41661.0,694.35,53184.11791489361,886.0,14.77
64,54.0,5.0,3.0,5.0,2471459.387,41191.0,686.52,823819.7956666667,13730.0,228.84
2252,2057.0,120.0,62.0,75.0,2419462.035,40324.0,672.07,39023.581209677424,650.0,10.84
5,1.0,1.0,2.0,3.0,2415949.38,40266.0,671.1,1207974.69,20133.0,335.55
16,12.0,2.0,2.0,2.0,2406697.536,40112.0,668.53,1203348.768,20056.0,334.26
18,14.0,2.0,2.0,2.0,2405091.123,40085.0,668.08,1202545.5615,20042.0,334.04
23,18.0,3.0,2.0,2.0,2390209.395,39837.0,663.95,1195104.6975,19918.0,331.97
19,15.0,2.0,2.0,2.0,2351940.303,39199.0,653.32,1175970.1515,19600.0,326.66
31,23.0,4.0,2.0,4.0,2350297.494,39172.0,652.86,1175148.747,19586.0,326.43
32,26.0,4.0,2.0,2.0,2327830.013,38797.0,646.62,1163915.0065,19399.0,323.31
9,5.0,2.0,2.0,2.0,2323268.785,38721.0,645.35,1161634.3925,19361.0,322.68
28,18.0,5.0,3.0,5.0,2319089.259,38651.0,644.19,773029.753,12884.0,214.73
40,10.0,17.0,2.0,13.0,2270104.711,37835.0,630.58,1135052.3555,18918.0,315.29
32,26.0,4.0,2.0,2.0,2252157.136,37536.0,625.6,1126078.568,18768.0,312.8
38,34.0,2.0,2.0,2.0,2242563.74,37376.0,622.93,1121281.87,18688.0,311.47
17,10.0,3.0,2.0,4.0,2236591.473,37277.0,621.28,1118295.7365,18638.0,310.64
278,269.0,5.0,4.0,4.0,2232065.038,37201.0,620.02,558016.2595,9300.0,155.0
1991,1573.0,230.0,148.0,188.0,2195086.776,36585.0,609.75,14831.667405405406,247.0,4.12
52,47.0,3.0,2.0,2.0,2177910.323,36299.0,604.98,1088955.1615,18149.0,302.49
12,7.0,1.0,3.0,4.0,2138880.004,35648.0,594.13,712960.0013333334,11883.0,198.04
102,70.0,26.0,2.0,6.0,2069239.739,34487.0,574.79,1034619.8695,17244.0,287.39
2345,2141.0,110.0,79.0,94.0,2068422.025,34474.0,574.56,26182.55727848101,436.0,7.27
75,46.0,16.0,3.0,13.0,2066278.011,34438.0,573.97,688759.3369999999,11479.0,191.32
142,135.0,4.0,3.0,3.0,2054737.914,34246.0,570.76,684912.638,11415.0,190.25
13,9.0,2.0,2.0,2.0,2027737.802,33796.0,563.26,1013868.901,16898.0,281.63
226,219.0,4.0,3.0,3.0,1998234.654,33304.0,555.07,666078.218,11101.0,185.02
153,129.0,21.0,3.0,3.0,1996015.06,33267.0,554.45,665338.3533333334,11089.0,184.82
22,14.0,3.0,3.0,5.0,1988187.816,33136.0,552.27,662729.272,11045.0,184.09
9,5.0,2.0,2.0,2.0,1954180.714,32570.0,542.83,977090.357,16285.0,271.41
8,4.0,2.0,2.0,2.0,1952006.553,32533.0,542.22,976003.2765,16267.0,271.11
410,245.0,98.0,42.0,67.0,1922105.056,32035.0,533.92,45764.4060952381,763.0,12.71
692,573.0,66.0,53.0,53.0,1912239.399,31871.0,531.18,36079.988660377356,601.0,10.02
47,32.0,10.0,3.0,5.0,1906602.072,31777.0,529.61,635534.024,10592.0,176.54
21,17.0,2.0,2.0,2.0,1896863.939,31614.0,526.91,948431.9695,15807.0,263.45
29,10.0,10.0,3.0,9.0,1833834.067,30564.0,509.4,611278.0223333334,10188.0,169.8
1661,1471.0,119.0,70.0,71.0,1821532.753,30359.0,505.98,26021.896471428572,434.0,7.23
74,59.0,12.0,3.0,3.0,1817337.582,30289.0,504.82,605779.194,10096.0,168.27
604,461.0,88.0,44.0,55.0,1811901.323,30198.0,503.31,41179.575522727275,686.0,11.44
873,746.0,67.0,56.0,60.0,1811335.276,30189.0,503.15,32345.272785714285,539.0,8.98
13,9.0,2.0,2.0,2.0,1810354.292,30173.0,502.88,905177.146,15086.0,251.44
32,28.0,2.0,2.0,2.0,1790156.332,29836.0,497.27,895078.166,14918.0,248.63
483,389.0,47.0,37.0,47.0,1752365.193,29206.0,486.77,47361.22143243243,789.0,13.16
96,90.0,2.0,2.0,4.0,1745747.4,29096.0,484.93,872873.7,14548.0,242.46
29,14.0,7.0,3.0,8.0,1713580.324,28560.0,475.99,571193.4413333334,9520.0,158.66
85,80.0,3.0,2.0,2.0,1712402.693,28540.0,475.67,856201.3465,14270.0,237.83
80,77.0,1.0,2.0,2.0,1706069.861,28434.0,473.91,853034.9305,14217.0,236.95
40,33.0,4.0,2.0,3.0,1697408.01,28290.0,471.5,848704.005,14145.0,235.75
63,51.0,9.0,2.0,3.0,1680803.142,28013.0,466.89,840401.571,14007.0,233.44
2246,1826.0,231.0,162.0,189.0,1653527.784,27559.0,459.31,10206.96162962963,170.0,2.84
33,23.0,6.0,2.0,4.0,1635538.604,27259.0,454.32,817769.302,13629.0,227.16
18,14.0,2.0,2.0,2.0,1633690.315,27228.0,453.8,816845.1575,13614.0,226.9
15,10.0,3.0,2.0,2.0,1632530.331,27209.0,453.48,816265.1655,13604.0,226.74
71,56.0,13.0,2.0,2.0,1571944.139,26199.0,436.65,785972.0695,13100.0,218.33
1411,1180.0,124.0,85.0,107.0,1567302.654,26122.0,435.36,18438.854752941177,307.0,5.12
443,427.0,9.0,7.0,7.0,1562500.157,26042.0,434.03,223214.30814285713,3720.0,62.0
11,7.0,2.0,2.0,2.0,1557005.067,25950.0,432.5,778502.5335,12975.0,216.25
11,7.0,2.0,2.0,2.0,1549935.671,25832.0,430.54,774967.8355,12916.0,215.27
1251,1023.0,127.0,82.0,101.0,1536107.037,25602.0,426.7,18733.012646341464,312.0,5.2
40,31.0,4.0,4.0,5.0,1525587.464,25426.0,423.77,381396.866,6357.0,105.94
10,4.0,3.0,3.0,3.0,1521220.769,25354.0,422.56,507073.5896666667,8451.0,140.85
862,729.0,69.0,56.0,64.0,1505146.194,25086.0,418.1,26877.610607142855,448.0,7.47
487,462.0,15.0,9.0,10.0,1477321.98,24622.0,410.37,164146.88666666666,2736.0,45.6
49,46.0,0.0,2.0,3.0,1460102.707,24335.0,405.58,730051.3535,12168.0,202.79
19,12.0,4.0,3.0,3.0,1458714.282,24312.0,405.2,486238.094,8104.0,135.07
25,21.0,2.0,2.0,2.0,1429955.045,23833.0,397.21,714977.5225,11916.0,198.6
28,21.0,4.0,3.0,3.0,1408684.086,23478.0,391.3,469561.36199999996,7826.0,130.43
20,6.0,6.0,3.0,8.0,1400714.802,23345.0,389.09,466904.93399999995,7782.0,129.7
1934,1720.0,124.0,79.0,90.0,1391010.732,23184.0,386.39,17607.730784810126,293.0,4.89
937,818.0,67.0,36.0,52.0,1384161.075,23069.0,384.49,38448.91875,641.0,10.68
11,7.0,2.0,2.0,2.0,1368079.674,22801.0,380.02,684039.837,11401.0,190.01
376,294.0,43.0,34.0,39.0,1358947.387,22649.0,377.49,39969.04079411765,666.0,11.1
9,4.0,3.0,2.0,2.0,1353364.558,22556.0,375.93,676682.279,11278.0,187.97
22,11.0,6.0,3.0,5.0,1314126.728,21902.0,365.04,438042.2426666666,7301.0,121.68
254,208.0,24.0,19.0,22.0,1307882.705,21798.0,363.3,68835.93184210527,1147.0,19.12
89,58.0,18.0,2.0,13.0,1306726.826,21779.0,362.98,653363.413,10889.0,181.49
7,3.0,2.0,2.0,2.0,1299874.443,21665.0,361.08,649937.2215,10832.0,180.54
732,636.0,52.0,34.0,44.0,1290742.619,21512.0,358.54,37963.01820588235,633.0,10.55
45,34.0,8.0,3.0,3.0,1289014.36,21484.0,358.06,429671.45333333337,7161.0,119.35
37,17.0,10.0,2.0,10.0,1283633.472,21394.0,356.56,641816.736,10697.0,178.28
1055,1028.0,17.0,8.0,10.0,1283402.593,21390.0,356.5,160425.324125,2674.0,44.56
12,8.0,2.0,2.0,2.0,1282596.594,21377.0,356.28,641298.297,10688.0,178.14
156,140.0,9.0,3.0,7.0,1282557.475,21376.0,356.27,427519.1583333334,7125.0,118.76
48,42.0,4.0,2.0,2.0,1274695.489,21245.0,354.08,637347.7445,10622.0,177.04
60,46.0,8.0,5.0,6.0,1269680.133,21161.0,352.69,253936.02659999998,4232.0,70.54
9,4.0,3.0,2.0,2.0,1256452.792,20941.0,349.01,628226.396,10470.0,174.51
51,47.0,2.0,2.0,2.0,1241544.964,20692.0,344.87,620772.482,10346.0,172.44
554,339.0,129.0,61.0,86.0,1238987.424,20650.0,344.16,20311.26924590164,339.0,5.64
26,19.0,4.0,2.0,3.0,1237339.155,20622.0,343.71,618669.5775,10311.0,171.85
14,8.0,3.0,2.0,3.0,1227384.548,20456.0,340.94,613692.274,10228.0,170.47
16,9.0,3.0,2.0,4.0,1221951.969,20366.0,339.43,610975.9845,10183.0,169.72
16,12.0,2.0,2.0,2.0,1210505.848,20175.0,336.25,605252.924,10088.0,168.13
13,9.0,2.0,2.0,2.0,1209546.174,20159.0,335.99,604773.087,10080.0,167.99
35,30.0,3.0,2.0,2.0,1179298.502,19655.0,327.58,589649.251,9827.0,163.79
76,72.0,2.0,2.0,2.0,1162643.91,19377.0,322.96,581321.955,9689.0,161.48
12,8.0,2.0,2.0,2.0,1161590.135,19360.0,322.66,580795.0675,9680.0,161.33
181,88.0,59.0,4.0,34.0,1153047.793,19217.0,320.29,288261.94825,4804.0,80.07
41,38.0,1.0,2.0,2.0,1151610.849,19194.0,319.89,575805.4245,9597.0,159.95
1017,662.0,210.0,104.0,145.0,1150721.683,19179.0,319.64,11064.631567307692,184.0,3.07
37,29.0,5.0,2.0,3.0,1136422.286,18940.0,315.67,568211.143,9470.0,157.84
23,16.0,4.0,2.0,3.0,1130601.914,18843.0,314.06,565300.957,9422.0,157.03
6,2.0,2.0,2.0,2.0,1130608.323,18843.0,314.06,565304.1615,9422.0,157.03
12,8.0,2.0,2.0,2.0,1124298.603,18738.0,312.31,562149.3015,9369.0,156.15
52,44.0,4.0,3.0,4.0,1124010.238,18734.0,312.23,374670.0793333333,6245.0,104.08
16,11.0,3.0,2.0,2.0,1123125.903,18719.0,311.98,561562.9515,9359.0,155.99
9,6.0,1.0,2.0,2.0,1121741.244,18696.0,311.59,560870.622,9348.0,155.8
16,11.0,2.0,3.0,3.0,1118434.345,18641.0,310.68,372811.4483333333,6214.0,103.56
13,8.0,3.0,2.0,2.0,1105094.826,18418.0,306.97,552547.413,9209.0,153.49
67,53.0,9.0,2.0,5.0,1056002.245,17600.0,293.33,528001.1225,8800.0,146.67
13,8.0,3.0,2.0,2.0,1055481.643,17591.0,293.19,527740.8215,8796.0,146.59
6,2.0,2.0,2.0,2.0,1051380.484,17523.0,292.05,525690.242,8762.0,146.03
19,15.0,2.0,2.0,2.0,1043441.631,17391.0,289.84,521720.8155,8695.0,144.92
61,56.0,3.0,2.0,2.0,1024429.501,17074.0,284.56,512214.7505,8537.0,142.28
423,333.0,52.0,33.0,38.0,1014735.213,16912.0,281.87,30749.551909090907,512.0,8.54
7,2.0,1.0,2.0,4.0,1009610.417,16827.0,280.45,504805.2085,8413.0,140.22
15,11.0,2.0,2.0,2.0,1003202.19,16720.0,278.67,501601.095,8360.0,139.33
11,5.0,3.0,3.0,3.0,975090.47,16252.0,270.86,325030.1566666667,5417.0,90.29
598,575.0,17.0,6.0,6.0,960448.02,16007.0,266.79,160074.67,2668.0,44.47
29,17.0,6.0,3.0,6.0,947466.2,15791.0,263.19,315822.06666666665,5264.0,87.73
64,53.0,7.0,2.0,4.0,947313.169,15789.0,263.14,473656.5845,7894.0,131.57
42,33.0,5.0,2.0,4.0,941884.14,15698.0,261.63,470942.07,7849.0,130.82
134,125.0,5.0,4.0,4.0,940357.107,15673.0,261.21,235089.27675,3918.0,65.3
45,39.0,3.0,2.0,3.0,935010.664,15584.0,259.73,467505.332,7792.0,129.86
21,8.0,7.0,3.0,6.0,930125.945,15502.0,258.37,310041.98166666663,5167.0,86.12
33,25.0,5.0,2.0,3.0,893497.474,14892.0,248.19,446748.737,7446.0,124.1
131,122.0,5.0,2.0,4.0,872863.384,14548.0,242.46,436431.692,7274.0,121.23
98,94.0,2.0,2.0,2.0,871084.225,14518.0,241.97,435542.1125,7259.0,120.98
36,29.0,4.0,3.0,3.0,866704.576,14445.0,240.75,288901.52533333335,4815.0,80.25
52,31.0,14.0,4.0,7.0,833500.017,13892.0,231.53,208375.00425,3473.0,57.88
19,16.0,1.0,2.0,2.0,828808.971,13813.0,230.22,414404.4855,6907.0,115.11
5,2.0,0.0,3.0,3.0,800316.103,13339.0,222.31,266772.0343333333,4446.0,74.1
13,9.0,2.0,2.0,2.0,795547.027,13259.0,220.99,397773.5135,6630.0,110.49
606,465.0,73.0,47.0,68.0,794221.579,13237.0,220.62,16898.331468085107,282.0,4.69
115,86.0,15.0,4.0,14.0,777748.04,12962.0,216.04,194437.01,3241.0,54.01
356,241.0,68.0,36.0,47.0,768221.054,12804.0,213.39,21339.47372222222,356.0,5.93
9,5.0,2.0,2.0,2.0,746906.943,12448.0,207.47,373453.4715,6224.0,103.74
701,595.0,58.0,44.0,48.0,729184.242,12153.0,202.55,16572.369136363635,276.0,4.6
297,224.0,42.0,27.0,31.0,716366.303,11939.0,198.99,26532.085296296296,442.0,7.37
357,301.0,29.0,20.0,27.0,710700.278,11845.0,197.42,35535.013900000005,592.0,9.87
772,622.0,88.0,56.0,62.0,702307.754,11705.0,195.09,12541.209892857141,209.0,3.48
956,741.0,111.0,88.0,104.0,700450.098,11674.0,194.57,7959.660204545455,133.0,2.21
94,89.0,3.0,2.0,2.0,699054.699,11651.0,194.18,349527.3495,5825.0,97.09
351,300.0,28.0,19.0,23.0,697534.88,11626.0,193.76,36712.36210526316,612.0,10.2
9,5.0,2.0,2.0,2.0,696261.524,11604.0,193.41,348130.762,5802.0,96.7
26,21.0,2.0,3.0,3.0,695625.02,11594.0,193.23,231875.00666666668,3865.0,64.41
14,8.0,3.0,2.0,3.0,690070.271,11501.0,191.69,345035.1355,5751.0,95.84
7,3.0,2.0,2.0,2.0,684826.402,11414.0,190.23,342413.201,5707.0,95.11
18,13.0,3.0,2.0,2.0,682612.707,11377.0,189.61,341306.3535,5688.0,94.81
15,13.0,0.0,2.0,2.0,681701.105,11362.0,189.36,340850.5525,5681.0,94.68
22,17.0,3.0,2.0,2.0,679998.263,11333.0,188.89,339999.1315,5667.0,94.44
19,14.0,3.0,2.0,2.0,677528.093,11292.0,188.2,338764.0465,5646.0,94.1
55,51.0,2.0,2.0,2.0,671924.969,11199.0,186.65,335962.4845,5599.0,93.32
7,2.0,3.0,2.0,2.0,663556.197,11059.0,184.32,331778.0985,5530.0,92.16
29,20.0,4.0,2.0,5.0,655852.646,10931.0,182.18,327926.323,5465.0,91.09
63,34.0,15.0,3.0,14.0,645499.381,10758.0,179.31,215166.46033333335,3586.0,59.77
17,9.0,4.0,2.0,4.0,642751.954,10713.0,178.54,321375.977,5356.0,89.27
29,12.0,10.0,7.0,7.0,642647.714,10711.0,178.51,91806.81628571429,1530.0,25.5
60,50.0,5.0,2.0,5.0,629235.053,10487.0,174.79,314617.5265,5244.0,87.39
35,29.0,4.0,2.0,2.0,617879.988,10298.0,171.63,308939.994,5149.0,85.82
47,43.0,2.0,2.0,2.0,607466.785,10124.0,168.74,303733.3925,5062.0,84.37
14,10.0,2.0,2.0,2.0,606428.561,10107.0,168.45,303214.2805,5054.0,84.23
45,32.0,7.0,4.0,6.0,605444.443,10091.0,168.18,151361.11075,2523.0,42.04
9,5.0,2.0,2.0,2.0,604825.419,10080.0,168.01,302412.7095,5040.0,84.0
31,25.0,3.0,3.0,3.0,604818.5,10080.0,168.01,201606.16666666666,3360.0,56.0
26,18.0,4.0,3.0,4.0,601038.424,10017.0,166.96,200346.14133333333,3339.0,55.65
18,15.0,1.0,2.0,2.0,598689.788,9978.0,166.3,299344.894,4989.0,83.15
6,2.0,2.0,2.0,2.0,597688.404,9961.0,166.02,298844.202,4981.0,83.01
7,3.0,2.0,2.0,2.0,596357.626,9939.0,165.65,298178.813,4970.0,82.83
31,17.0,9.0,2.0,5.0,596015.054,9934.0,165.56,298007.527,4967.0,82.78
13,8.0,2.0,2.0,3.0,586258.919,9771.0,162.85,293129.4595,4885.0,81.42
11,7.0,2.0,2.0,2.0,570063.371,9501.0,158.35,285031.6855,4751.0,79.18
30,20.0,5.0,4.0,5.0,567398.554,9457.0,157.61,141849.6385,2364.0,39.4
43,39.0,2.0,2.0,2.0,563754.702,9396.0,156.6,281877.351,4698.0,78.3
129,84.0,23.0,2.0,22.0,550546.858,9176.0,152.93,275273.429,4588.0,76.46
112,79.0,16.0,13.0,17.0,547072.362,9118.0,151.96,42082.48938461538,701.0,11.69
376,326.0,32.0,16.0,18.0,542027.716,9034.0,150.56,33876.73225,565.0,9.41
32,25.0,5.0,2.0,2.0,539372.945,8990.0,149.83,269686.4725,4495.0,74.91
1277,1166.0,60.0,33.0,51.0,538547.811,8976.0,149.6,16319.630636363636,272.0,4.53
8,4.0,2.0,2.0,2.0,534074.51,8901.0,148.35,267037.255,4451.0,74.18
100,94.0,4.0,2.0,2.0,530439.963,8841.0,147.34,265219.9815,4420.0,73.67
102,80.0,16.0,3.0,6.0,529404.416,8823.0,147.06,176468.13866666667,2941.0,49.02
472,437.0,21.0,9.0,14.0,528999.533,8817.0,146.94,58777.7258888889,980.0,16.33
11,7.0,2.0,2.0,2.0,518259.364,8638.0,143.96,259129.682,4319.0,71.98
163,127.0,19.0,15.0,17.0,516266.47,8604.0,143.41,34417.76466666666,574.0,9.56
42,36.0,3.0,3.0,3.0,512439.733,8541.0,142.34,170813.24433333334,2847.0,47.45
272,263.0,5.0,3.0,4.0,511975.173,8533.0,142.22,170658.391,2844.0,47.41
539,443.0,51.0,37.0,45.0,510376.815,8506.0,141.77,13793.967972972972,230.0,3.83
18,13.0,3.0,2.0,2.0,506080.292,8435.0,140.58,253040.146,4217.0,70.29
7,3.0,1.0,2.0,3.0,505990.619,8433.0,140.55,252995.3095,4217.0,70.28
15,9.0,4.0,2.0,2.0,503291.566,8388.0,139.8,251645.783,4194.0,69.9
42,35.0,2.0,2.0,5.0,489803.848,8163.0,136.06,244901.924,4082.0,68.03
21,16.0,2.0,2.0,3.0,489599.205,8160.0,136.0,244799.6025,4080.0,68.0
35,25.0,5.0,2.0,5.0,486918.773,8115.0,135.26,243459.3865,4058.0,67.63
77,67.0,5.0,5.0,5.0,475643.238,7927.0,132.12,95128.6476,1585.0,26.42
603,542.0,33.0,20.0,28.0,451395.598,7523.0,125.39,22569.7799,376.0,6.27
15,8.0,4.0,3.0,3.0,448030.9,7467.0,124.45,149343.63333333333,2489.0,41.48
22,18.0,2.0,2.0,2.0,441664.66,7361.0,122.68,220832.33,3681.0,61.34
5,2.0,1.0,2.0,2.0,436635.035,7277.0,121.29,218317.5175,3639.0,60.64
11,5.0,3.0,2.0,3.0,435043.12,7251.0,120.85,217521.56,3625.0,60.42
157,145.0,6.0,3.0,6.0,433892.055,7232.0,120.53,144630.685,2411.0,40.18
10,3.0,4.0,3.0,3.0,433177.151,7220.0,120.33,144392.38366666666,2407.0,40.11
274,179.0,53.0,39.0,42.0,433188.156,7220.0,120.33,11107.388615384616,185.0,3.09
20,13.0,4.0,2.0,3.0,432356.823,7206.0,120.1,216178.4115,3603.0,60.05
194,160.0,23.0,6.0,11.0,430944.319,7182.0,119.71,71824.05316666666,1197.0,19.95
33,25.0,6.0,2.0,2.0,429851.154,7164.0,119.4,214925.577,3582.0,59.7
45,33.0,5.0,5.0,7.0,426757.064,7113.0,118.54,85351.4128,1423.0,23.71
77,71.0,3.0,3.0,3.0,426355.993,7106.0,118.43,142118.66433333335,2369.0,39.48
48,40.0,4.0,2.0,4.0,412451.69,6874.0,114.57,206225.845,3437.0,57.28
24,21.0,1.0,2.0,2.0,410408.825,6840.0,114.0,205204.4125,3420.0,57.0
122,77.0,23.0,19.0,22.0,408768.49,6813.0,113.55,21514.13105263158,359.0,5.98
37,30.0,3.0,2.0,4.0,389664.409,6494.0,108.24,194832.2045,3247.0,54.12
726,641.0,47.0,25.0,38.0,387573.727,6460.0,107.66,15502.94908,258.0,4.31
647,577.0,43.0,25.0,27.0,371816.382,6197.0,103.28,14872.655279999999,248.0,4.13
309,221.0,48.0,30.0,40.0,368557.155,6143.0,102.38,12285.238500000001,205.0,3.41
290,244.0,22.0,14.0,24.0,366926.599,6115.0,101.92,26209.042785714286,437.0,7.28
290,249.0,23.0,13.0,18.0,365024.604,6084.0,101.4,28078.815692307693,468.0,7.8
25,16.0,5.0,2.0,4.0,365040.681,6084.0,101.4,182520.3405,3042.0,50.7
318,294.0,14.0,10.0,10.0,364757.52,6079.0,101.32,36475.752,608.0,10.13
2,0.0,0.0,2.0,2.0,359751.039,5996.0,99.93,179875.5195,2998.0,49.97
5,3.0,0.0,2.0,2.0,353630.616,5894.0,98.23,176815.308,2947.0,49.12
213,193.0,13.0,7.0,7.0,351463.466,5858.0,97.63,50209.06657142857,837.0,13.95
12,6.0,3.0,3.0,3.0,351318.664,5855.0,97.59,117106.22133333333,1952.0,32.53
15,9.0,4.0,2.0,2.0,343987.606,5733.0,95.55,171993.803,2867.0,47.78
23,16.0,4.0,2.0,3.0,343569.574,5726.0,95.44,171784.787,2863.0,47.72
226,204.0,13.0,9.0,9.0,341733.189,5696.0,94.93,37970.35433333334,633.0,10.55
15,11.0,2.0,2.0,2.0,340535.913,5676.0,94.59,170267.9565,2838.0,47.3
14,11.0,1.0,2.0,2.0,340226.023,5670.0,94.51,170113.0115,2835.0,47.25
41,35.0,4.0,2.0,2.0,338241.612,5637.0,93.96,169120.806,2819.0,46.98
40,31.0,5.0,2.0,4.0,336595.914,5610.0,93.5,168297.957,2805.0,46.75
31,26.0,3.0,2.0,2.0,336529.472,5609.0,93.48,168264.736,2804.0,46.74
31,23.0,4.0,2.0,4.0,335547.244,5592.0,93.21,167773.622,2796.0,46.6
28,23.0,3.0,2.0,2.0,332777.751,5546.0,92.44,166388.8755,2773.0,46.22
19,14.0,3.0,2.0,2.0,332347.444,5539.0,92.32,166173.722,2770.0,46.16
365,283.0,46.0,30.0,36.0,329465.579,5491.0,91.52,10982.185966666668,183.0,3.05
19,13.0,4.0,2.0,2.0,328678.972,5478.0,91.3,164339.486,2739.0,45.65
15,10.0,2.0,3.0,3.0,326470.806,5441.0,90.69,108823.602,1814.0,30.23
21,12.0,6.0,2.0,3.0,325124.057,5419.0,90.31,162562.0285,2709.0,45.16
5,2.0,1.0,2.0,2.0,322187.727,5370.0,89.5,161093.8635,2685.0,44.75
26,19.0,3.0,3.0,4.0,320142.361,5336.0,88.93,106714.12033333333,1779.0,29.64
46,38.0,6.0,2.0,2.0,317953.144,5299.0,88.32,158976.572,2650.0,44.16
11,7.0,2.0,2.0,2.0,313600.396,5227.0,87.11,156800.198,2613.0,43.56
51,45.0,4.0,2.0,2.0,302699.495,5045.0,84.08,151349.7475,2522.0,42.04
18,14.0,2.0,2.0,2.0,300351.588,5006.0,83.43,150175.794,2503.0,41.72
10,6.0,2.0,2.0,2.0,295159.812,4919.0,81.99,147579.906,2460.0,40.99
419,352.0,41.0,20.0,26.0,289820.096,4830.0,80.51,14491.0048,242.0,4.03
24,19.0,2.0,2.0,3.0,286605.13,4777.0,79.61,143302.565,2388.0,39.81
485,456.0,18.0,11.0,11.0,281065.302,4684.0,78.07,25551.391090909092,426.0,7.1
539,482.0,31.0,24.0,26.0,274773.467,4580.0,76.33,11448.894458333334,191.0,3.18
25,21.0,2.0,2.0,2.0,274025.249,4567.0,76.12,137012.6245,2284.0,38.06
5,2.0,1.0,2.0,2.0,272519.102,4542.0,75.7,136259.551,2271.0,37.85
61,54.0,5.0,2.0,2.0,272263.373,4538.0,75.63,136131.6865,2269.0,37.81
13,9.0,2.0,2.0,2.0,271971.175,4533.0,75.55,135985.5875,2266.0,37.77
39,33.0,0.0,6.0,6.0,271461.004,4524.0,75.41,45243.50066666667,754.0,12.57
127,124.0,1.0,2.0,2.0,266634.809,4444.0,74.07,133317.4045,2222.0,37.03
6,3.0,1.0,2.0,2.0,265506.217,4425.0,73.75,132753.1085,2213.0,36.88
10,6.0,2.0,2.0,2.0,264759.657,4413.0,73.54,132379.8285,2206.0,36.77
27,23.0,2.0,2.0,2.0,264285.543,4405.0,73.41,132142.7715,2202.0,36.71
43,32.0,6.0,4.0,5.0,263977.605,4400.0,73.33,65994.40125,1100.0,18.33
39,34.0,2.0,3.0,3.0,263920.149,4399.0,73.31,87973.38299999999,1466.0,24.44
72,59.0,7.0,6.0,6.0,263922.369,4399.0,73.31,43987.0615,733.0,12.22
48,44.0,1.0,3.0,3.0,263885.758,4398.0,73.3,87961.91933333332,1466.0,24.43
67,63.0,1.0,3.0,3.0,263865.564,4398.0,73.3,87955.18800000001,1466.0,24.43
12,4.0,4.0,2.0,4.0,261592.397,4360.0,72.66,130796.1985,2180.0,36.33
9,6.0,1.0,2.0,2.0,260468.6,4341.0,72.35,130234.3,2171.0,36.18
31,28.0,1.0,2.0,2.0,258628.238,4310.0,71.84,129314.119,2155.0,35.92
12,8.0,2.0,2.0,2.0,258304.236,4305.0,71.75,129152.118,2153.0,35.88
218,163.0,44.0,2.0,11.0,254286.796,4238.0,70.64,127143.398,2119.0,35.32
15,11.0,2.0,2.0,2.0,247219.218,4120.0,68.67,123609.609,2060.0,34.34
6,2.0,2.0,2.0,2.0,244927.475,4082.0,68.04,122463.7375,2041.0,34.02
8,4.0,2.0,2.0,2.0,243549.183,4059.0,67.65,121774.5915,2030.0,33.83
7,3.0,2.0,2.0,2.0,242499.505,4042.0,67.36,121249.7525,2021.0,33.68
64,55.0,3.0,2.0,6.0,238968.638,3983.0,66.38,119484.319,1991.0,33.19
34,28.0,3.0,2.0,3.0,232776.64,3880.0,64.66,116388.32,1940.0,32.33
138,105.0,22.0,10.0,11.0,227318.275,3789.0,63.14,22731.8275,379.0,6.31
694,596.0,53.0,14.0,45.0,211229.764,3520.0,58.67,15087.840285714285,251.0,4.19
400,381.0,11.0,6.0,8.0,210640.839,3511.0,58.51,35106.8065,585.0,9.75
18,14.0,2.0,2.0,2.0,208163.256,3469.0,57.82,104081.628,1735.0,28.91
7,4.0,1.0,2.0,2.0,202174.931,3370.0,56.16,101087.4655,1685.0,28.08
330,278.0,27.0,19.0,25.0,202109.402,3368.0,56.14,10637.336947368422,177.0,2.95
6,2.0,2.0,2.0,2.0,200267.631,3338.0,55.63,100133.8155,1669.0,27.81
15,11.0,2.0,2.0,2.0,193240.805,3221.0,53.68,96620.4025,1610.0,26.84
295,234.0,31.0,22.0,30.0,192475.821,3208.0,53.47,8748.900954545454,146.0,2.43
58,33.0,14.0,3.0,11.0,191910.238,3199.0,53.31,63970.079333333335,1066.0,17.77
29,21.0,6.0,2.0,2.0,187801.075,3130.0,52.17,93900.5375,1565.0,26.08
55,23.0,18.0,3.0,14.0,184522.114,3075.0,51.26,61507.371333333336,1025.0,17.09
25,23.0,0.0,2.0,2.0,183901.414,3065.0,51.08,91950.707,1533.0,25.54
12,8.0,2.0,2.0,2.0,183671.134,3061.0,51.02,91835.567,1531.0,25.51
8,3.0,3.0,2.0,2.0,182041.968,3034.0,50.57,91020.984,1517.0,25.28
5,1.0,2.0,2.0,2.0,179949.268,2999.0,49.99,89974.634,1500.0,24.99
103,87.0,8.0,2.0,8.0,179472.241,2991.0,49.85,89736.1205,1496.0,24.93
12,8.0,2.0,2.0,2.0,179098.706,2985.0,49.75,89549.353,1492.0,24.87
90,58.0,19.0,2.0,13.0,175025.764,2917.0,48.62,87512.882,1459.0,24.31
137,81.0,22.0,2.0,34.0,170828.797,2847.0,47.45,85414.3985,1424.0,23.73
25,21.0,2.0,2.0,2.0,170722.464,2845.0,47.42,85361.232,1423.0,23.71
11,6.0,3.0,2.0,2.0,169139.267,2819.0,46.98,84569.6335,1409.0,23.49
222,181.0,26.0,11.0,15.0,167222.297,2787.0,46.45,15202.027,253.0,4.22
42,24.0,13.0,3.0,5.0,166723.907,2779.0,46.31,55574.63566666667,926.0,15.44
26,15.0,6.0,4.0,5.0,166229.767,2770.0,46.17,41557.44175,693.0,11.54
6,2.0,2.0,2.0,2.0,166036.884,2767.0,46.12,83018.442,1384.0,23.06
82,71.0,6.0,2.0,5.0,164109.946,2735.0,45.59,82054.973,1368.0,22.79
7,3.0,2.0,2.0,2.0,163697.137,2728.0,45.47,81848.5685,1364.0,22.74
21,12.0,3.0,2.0,6.0,163342.869,2722.0,45.37,81671.4345,1361.0,22.69
25,21.0,2.0,2.0,2.0,158902.33,2648.0,44.14,79451.165,1324.0,22.07
10,5.0,3.0,2.0,2.0,158531.663,2642.0,44.04,79265.8315,1321.0,22.02
18,16.0,0.0,2.0,2.0,155669.17,2594.0,43.24,77834.585,1297.0,21.62
11,6.0,2.0,2.0,3.0,152434.25,2541.0,42.34,76217.125,1270.0,21.17
21,13.0,4.0,4.0,4.0,146007.148,2433.0,40.56,36501.787,608.0,10.14
28,24.0,2.0,2.0,2.0,145912.504,2432.0,40.53,72956.252,1216.0,20.27
36,15.0,12.0,3.0,9.0,141793.177,2363.0,39.39,47264.39233333333,788.0,13.13
61,56.0,3.0,2.0,2.0,138874.702,2315.0,38.58,69437.351,1157.0,19.29
60,42.0,13.0,2.0,5.0,136231.497,2271.0,37.84,68115.7485,1135.0,18.92
32,28.0,2.0,2.0,2.0,133285.145,2221.0,37.02,66642.5725,1111.0,18.51
24,19.0,3.0,2.0,2.0,129451.78,2158.0,35.96,64725.89,1079.0,17.98
13,6.0,5.0,2.0,2.0,120622.639,2010.0,33.51,60311.3195,1005.0,16.75
62,55.0,3.0,2.0,4.0,118400.418,1973.0,32.89,59200.209,987.0,16.44
33,27.0,2.0,4.0,4.0,117862.279,1964.0,32.74,29465.56975,491.0,8.18
293,211.0,44.0,30.0,38.0,117116.527,1952.0,32.53,3903.884233333333,65.0,1.08
12,7.0,2.0,3.0,3.0,112234.464,1871.0,31.18,37411.488000000005,624.0,10.39
25,21.0,2.0,2.0,2.0,109633.735,1827.0,30.45,54816.8675,914.0,15.23
67,61.0,2.0,2.0,4.0,106810.085,1780.0,29.67,53405.0425,890.0,14.83
38,19.0,17.0,2.0,2.0,104787.648,1746.0,29.11,52393.824,873.0,14.55
139,113.0,13.0,12.0,13.0,104439.207,1741.0,29.01,8703.267249999999,145.0,2.42
311,222.0,42.0,30.0,47.0,103772.674,1730.0,28.83,3459.0891333333334,58.0,0.96
6,2.0,2.0,2.0,2.0,103306.427,1722.0,28.7,51653.2135,861.0,14.35
24,18.0,3.0,3.0,3.0,102294.371,1705.0,28.42,34098.12366666667,568.0,9.47
34,29.0,3.0,2.0,2.0,100540.27,1676.0,27.93,50270.135,838.0,13.96
17,8.0,3.0,2.0,6.0,95985.549,1600.0,26.66,47992.7745,800.0,13.33
39,30.0,5.0,2.0,4.0,95767.781,1596.0,26.6,47883.8905,798.0,13.3
17,12.0,3.0,2.0,2.0,95443.346,1591.0,26.51,47721.673,795.0,13.26
18,11.0,4.0,3.0,3.0,95257.596,1588.0,26.46,31752.532000000003,529.0,8.82
7,3.0,2.0,2.0,2.0,95071.138,1585.0,26.41,47535.569,792.0,13.2
257,219.0,20.0,17.0,18.0,94379.41,1573.0,26.22,5551.7300000000005,93.0,1.54
9,5.0,2.0,2.0,2.0,92377.34,1540.0,25.66,46188.67,770.0,12.83
70,43.0,16.0,2.0,11.0,91801.484,1530.0,25.5,45900.742,765.0,12.75
5,2.0,1.0,2.0,2.0,90949.415,1516.0,25.26,45474.7075,758.0,12.63
39,35.0,2.0,2.0,2.0,90750.162,1513.0,25.21,45375.081,756.0,12.6
454,443.0,6.0,3.0,5.0,89845.598,1497.0,24.96,29948.532666666666,499.0,8.32
12,6.0,2.0,2.0,4.0,89045.96,1484.0,24.73,44522.98,742.0,12.37
64,34.0,18.0,4.0,12.0,88976.233,1483.0,24.72,22244.05825,371.0,6.18
8,3.0,3.0,2.0,2.0,88589.468,1476.0,24.61,44294.734,738.0,12.3
3,1.0,0.0,2.0,2.0,88466.172,1474.0,24.57,44233.086,737.0,12.29
13,8.0,3.0,2.0,2.0,87359.983,1456.0,24.27,43679.9915,728.0,12.13
27,17.0,6.0,4.0,4.0,87095.889,1452.0,24.19,21773.97225,363.0,6.05
24,14.0,6.0,4.0,4.0,86681.356,1445.0,24.08,21670.339,361.0,6.02
188,60.0,69.0,2.0,59.0,86459.418,1441.0,24.02,43229.709,720.0,12.01
5,3.0,1.0,1.0,1.0,86389.677,1440.0,24.0,86389.677,1440.0,24.0
120,99.0,14.0,1.0,7.0,86346.403,1439.0,23.99,86346.403,1439.0,23.99
19,15.0,2.0,1.0,2.0,86312.917,1439.0,23.98,86312.917,1439.0,23.98
6,4.0,1.0,1.0,1.0,86324.138,1439.0,23.98,86324.138,1439.0,23.98
12,8.0,3.0,1.0,1.0,86350.135,1439.0,23.99,86350.135,1439.0,23.99
16,13.0,1.0,2.0,2.0,86294.526,1438.0,23.97,43147.263,719.0,11.99
9,5.0,2.0,1.0,2.0,86209.898,1437.0,23.95,86209.898,1437.0,23.95
12,10.0,1.0,1.0,1.0,86204.924,1437.0,23.95,86204.924,1437.0,23.95
5,3.0,1.0,1.0,1.0,86182.013,1436.0,23.94,86182.013,1436.0,23.94
4,2.0,1.0,1.0,1.0,86143.418,1436.0,23.93,86143.418,1436.0,23.93
5,3.0,1.0,1.0,1.0,86119.129,1435.0,23.92,86119.129,1435.0,23.92
103,93.0,6.0,1.0,4.0,86042.795,1434.0,23.9,86042.795,1434.0,23.9
17,13.0,2.0,2.0,2.0,86039.764,1434.0,23.9,43019.882,717.0,11.95
22,20.0,1.0,1.0,1.0,86044.919,1434.0,23.9,86044.919,1434.0,23.9
391,389.0,1.0,1.0,1.0,85974.247,1433.0,23.88,85974.247,1433.0,23.88
28,26.0,1.0,1.0,1.0,85979.763,1433.0,23.88,85979.763,1433.0,23.88
4,0.0,2.0,2.0,2.0,85986.587,1433.0,23.89,42993.2935,717.0,11.94
5,3.0,1.0,1.0,1.0,86001.618,1433.0,23.89,86001.618,1433.0,23.89
12,6.0,3.0,2.0,3.0,85890.013,1432.0,23.86,42945.0065,716.0,11.93
76,68.0,5.0,3.0,3.0,85933.296,1432.0,23.87,28644.432,477.0,7.96
57,52.0,3.0,2.0,2.0,85845.39,1431.0,23.85,42922.695,715.0,11.92
6,4.0,1.0,1.0,1.0,85847.082,1431.0,23.85,85847.082,1431.0,23.85
81,47.0,20.0,4.0,14.0,85883.95,1431.0,23.86,21470.9875,358.0,5.96
5,3.0,1.0,1.0,1.0,85873.456,1431.0,23.85,85873.456,1431.0,23.85
5,3.0,1.0,1.0,1.0,85770.948,1430.0,23.83,85770.948,1430.0,23.83
15,13.0,1.0,1.0,1.0,85807.596,1430.0,23.84,85807.596,1430.0,23.84
8,6.0,1.0,1.0,1.0,85783.175,1430.0,23.83,85783.175,1430.0,23.83
11,9.0,1.0,1.0,1.0,85710.526,1429.0,23.81,85710.526,1429.0,23.81
11,9.0,1.0,1.0,1.0,85757.023,1429.0,23.82,85757.023,1429.0,23.82
41,34.0,6.0,1.0,1.0,85710.592,1429.0,23.81,85710.592,1429.0,23.81
161,159.0,1.0,1.0,1.0,85686.674,1428.0,23.8,85686.674,1428.0,23.8
55,52.0,2.0,1.0,1.0,85664.454,1428.0,23.8,85664.454,1428.0,23.8
7,5.0,1.0,1.0,1.0,85641.07,1427.0,23.79,85641.07,1427.0,23.79
11,9.0,1.0,1.0,1.0,85561.844,1426.0,23.77,85561.844,1426.0,23.77
14,10.0,2.0,2.0,2.0,85585.787,1426.0,23.77,42792.8935,713.0,11.89
10,5.0,3.0,1.0,2.0,85564.31,1426.0,23.77,85564.31,1426.0,23.77
20,9.0,10.0,1.0,1.0,85588.813,1426.0,23.77,85588.813,1426.0,23.77
7,5.0,1.0,1.0,1.0,85514.407,1425.0,23.75,85514.407,1425.0,23.75
40,36.0,2.0,1.0,2.0,85520.176,1425.0,23.76,85520.176,1425.0,23.76
29,22.0,3.0,1.0,4.0,85443.035,1424.0,23.73,85443.035,1424.0,23.73
15,11.0,3.0,1.0,1.0,85446.437,1424.0,23.74,85446.437,1424.0,23.74
23,21.0,1.0,1.0,1.0,85455.135,1424.0,23.74,85455.135,1424.0,23.74
30,20.0,5.0,1.0,5.0,85379.199,1423.0,23.72,85379.199,1423.0,23.72
6,4.0,1.0,1.0,1.0,85235.627,1421.0,23.68,85235.627,1421.0,23.68
19,16.0,2.0,1.0,1.0,85242.283,1421.0,23.68,85242.283,1421.0,23.68
7,5.0,1.0,1.0,1.0,85288.99,1421.0,23.69,85288.99,1421.0,23.69
40,33.0,5.0,1.0,2.0,85267.833,1421.0,23.69,85267.833,1421.0,23.69
309,251.0,54.0,1.0,4.0,85164.738,1419.0,23.66,85164.738,1419.0,23.66
6,4.0,1.0,1.0,1.0,85108.663,1418.0,23.64,85108.663,1418.0,23.64
8,5.0,2.0,1.0,1.0,84990.441,1417.0,23.61,84990.441,1417.0,23.61
7,5.0,1.0,1.0,1.0,84979.629,1416.0,23.61,84979.629,1416.0,23.61
53,38.0,7.0,2.0,8.0,84971.562,1416.0,23.6,42485.781,708.0,11.8
5,3.0,1.0,1.0,1.0,84938.473,1416.0,23.59,84938.473,1416.0,23.59
12,10.0,1.0,1.0,1.0,84905.907,1415.0,23.58,84905.907,1415.0,23.58
101,96.0,3.0,1.0,2.0,84883.111,1415.0,23.58,84883.111,1415.0,23.58
4,3.0,0.0,1.0,1.0,84817.566,1414.0,23.56,84817.566,1414.0,23.56
25,23.0,1.0,1.0,1.0,84839.423,1414.0,23.57,84839.423,1414.0,23.57
8,6.0,1.0,1.0,1.0,84809.884,1413.0,23.56,84809.884,1413.0,23.56
6,4.0,1.0,1.0,1.0,84720.172,1412.0,23.53,84720.172,1412.0,23.53
7,4.0,1.0,1.0,2.0,84738.106,1412.0,23.54,84738.106,1412.0,23.54
8,6.0,1.0,1.0,1.0,84564.033,1409.0,23.49,84564.033,1409.0,23.49
15,12.0,2.0,1.0,1.0,84524.693,1409.0,23.48,84524.693,1409.0,23.48
23,15.0,4.0,2.0,4.0,84544.777,1409.0,23.48,42272.3885,705.0,11.74
19,17.0,1.0,1.0,1.0,84502.685,1408.0,23.47,84502.685,1408.0,23.47
16,14.0,1.0,1.0,1.0,84504.899,1408.0,23.47,84504.899,1408.0,23.47
13,11.0,1.0,1.0,1.0,84286.586,1405.0,23.41,84286.586,1405.0,23.41
4,2.0,1.0,1.0,1.0,84210.573,1404.0,23.39,84210.573,1404.0,23.39
32,17.0,12.0,1.0,3.0,84114.403,1402.0,23.37,84114.403,1402.0,23.37
4,2.0,1.0,1.0,1.0,84063.998,1401.0,23.35,84063.998,1401.0,23.35
7,3.0,2.0,1.0,2.0,84041.58,1401.0,23.34,84041.58,1401.0,23.34
11,9.0,1.0,1.0,1.0,83983.39,1400.0,23.33,83983.39,1400.0,23.33
14,9.0,3.0,1.0,2.0,84006.571,1400.0,23.34,84006.571,1400.0,23.34
14,12.0,1.0,1.0,1.0,83978.192,1400.0,23.33,83978.192,1400.0,23.33
4,3.0,0.0,1.0,1.0,83855.566,1398.0,23.29,83855.566,1398.0,23.29
12,10.0,1.0,1.0,1.0,83869.52,1398.0,23.3,83869.52,1398.0,23.3
5,3.0,1.0,1.0,1.0,83798.067,1397.0,23.28,83798.067,1397.0,23.28
18,14.0,3.0,1.0,1.0,83833.164,1397.0,23.29,83833.164,1397.0,23.29
60,26.0,20.0,1.0,14.0,83757.547,1396.0,23.27,83757.547,1396.0,23.27
13,11.0,1.0,1.0,1.0,83728.272,1395.0,23.26,83728.272,1395.0,23.26
7,3.0,2.0,2.0,2.0,83608.03,1393.0,23.22,41804.015,697.0,11.61
29,22.0,4.0,2.0,3.0,83562.451,1393.0,23.21,41781.2255,696.0,11.61
5,3.0,1.0,1.0,1.0,83567.976,1393.0,23.21,83567.976,1393.0,23.21
76,70.0,4.0,2.0,2.0,83443.581,1391.0,23.18,41721.7905,695.0,11.59
12,10.0,1.0,1.0,1.0,83437.066,1391.0,23.18,83437.066,1391.0,23.18
6,3.0,1.0,1.0,2.0,83407.228,1390.0,23.17,83407.228,1390.0,23.17
15,12.0,2.0,1.0,1.0,83427.353,1390.0,23.17,83427.353,1390.0,23.17
5,4.0,0.0,1.0,1.0,83412.341,1390.0,23.17,83412.341,1390.0,23.17
5,3.0,1.0,1.0,1.0,83316.207,1389.0,23.14,83316.207,1389.0,23.14
56,50.0,3.0,1.0,3.0,83284.105,1388.0,23.13,83284.105,1388.0,23.13
53,50.0,2.0,1.0,1.0,83134.937,1386.0,23.09,83134.937,1386.0,23.09
4,2.0,1.0,1.0,1.0,83149.591,1386.0,23.1,83149.591,1386.0,23.1
21,17.0,2.0,1.0,2.0,83106.086,1385.0,23.09,83106.086,1385.0,23.09
39,31.0,5.0,1.0,3.0,82988.62,1383.0,23.05,82988.62,1383.0,23.05
5,2.0,2.0,1.0,1.0,83006.542,1383.0,23.06,83006.542,1383.0,23.06
17,15.0,1.0,1.0,1.0,82925.986,1382.0,23.03,82925.986,1382.0,23.03
3,1.0,1.0,1.0,1.0,82632.113,1377.0,22.95,82632.113,1377.0,22.95
18,14.0,2.0,1.0,2.0,82482.34,1375.0,22.91,82482.34,1375.0,22.91
15,10.0,3.0,2.0,2.0,82498.037,1375.0,22.92,41249.0185,687.0,11.46
6,4.0,1.0,1.0,1.0,82413.792,1374.0,22.89,82413.792,1374.0,22.89
8,6.0,1.0,1.0,1.0,82307.335,1372.0,22.86,82307.335,1372.0,22.86
8,5.0,2.0,1.0,1.0,82339.79,1372.0,22.87,82339.79,1372.0,22.87
23,21.0,1.0,1.0,1.0,82223.634,1370.0,22.84,82223.634,1370.0,22.84
6,4.0,1.0,1.0,1.0,82209.835,1370.0,22.84,82209.835,1370.0,22.84
21,19.0,1.0,1.0,1.0,82162.595,1369.0,22.82,82162.595,1369.0,22.82
7,5.0,1.0,1.0,1.0,82052.799,1368.0,22.79,82052.799,1368.0,22.79
31,29.0,1.0,1.0,1.0,82089.8,1368.0,22.8,82089.8,1368.0,22.8
54,50.0,2.0,1.0,2.0,81927.825,1365.0,22.76,81927.825,1365.0,22.76
19,13.0,4.0,2.0,2.0,81885.533,1365.0,22.75,40942.7665,682.0,11.37
29,27.0,1.0,1.0,1.0,81896.259,1365.0,22.75,81896.259,1365.0,22.75
7,5.0,1.0,1.0,1.0,81911.655,1365.0,22.75,81911.655,1365.0,22.75
2,0.0,1.0,1.0,1.0,81841.968,1364.0,22.73,81841.968,1364.0,22.73
8,6.0,1.0,1.0,1.0,81843.656,1364.0,22.73,81843.656,1364.0,22.73
10,7.0,2.0,1.0,1.0,81764.284,1363.0,22.71,81764.284,1363.0,22.71
5,3.0,1.0,1.0,1.0,81740.995,1362.0,22.71,81740.995,1362.0,22.71
18,12.0,3.0,3.0,3.0,81604.716,1360.0,22.67,27201.572,453.0,7.56
8,6.0,1.0,1.0,1.0,81629.431,1360.0,22.67,81629.431,1360.0,22.67
57,54.0,1.0,2.0,2.0,81555.008,1359.0,22.65,40777.504,680.0,11.33
13,10.0,2.0,1.0,1.0,81560.229,1359.0,22.66,81560.229,1359.0,22.66
8,6.0,1.0,1.0,1.0,81564.674,1359.0,22.66,81564.674,1359.0,22.66
11,9.0,1.0,1.0,1.0,81486.647,1358.0,22.64,81486.647,1358.0,22.64
78,76.0,1.0,1.0,1.0,81504.94,1358.0,22.64,81504.94,1358.0,22.64
146,127.0,15.0,1.0,4.0,81402.42,1357.0,22.61,81402.42,1357.0,22.61
29,26.0,2.0,1.0,1.0,81446.343,1357.0,22.62,81446.343,1357.0,22.62
10,8.0,1.0,1.0,1.0,81271.517,1355.0,22.58,81271.517,1355.0,22.58
30,28.0,1.0,1.0,1.0,81230.557,1354.0,22.56,81230.557,1354.0,22.56
26,24.0,1.0,1.0,1.0,81163.833,1353.0,22.55,81163.833,1353.0,22.55
40,32.0,4.0,1.0,4.0,81017.434,1350.0,22.5,81017.434,1350.0,22.5
17,13.0,3.0,1.0,1.0,81005.23,1350.0,22.5,81005.23,1350.0,22.5
21,16.0,3.0,1.0,2.0,80983.527,1350.0,22.5,80983.527,1350.0,22.5
41,29.0,8.0,1.0,4.0,80931.016,1349.0,22.48,80931.016,1349.0,22.48
12,11.0,0.0,1.0,1.0,80910.329,1349.0,22.48,80910.329,1349.0,22.48
72,70.0,1.0,1.0,1.0,80870.464,1348.0,22.46,80870.464,1348.0,22.46
18,7.0,5.0,3.0,6.0,80867.507,1348.0,22.46,26955.835666666666,449.0,7.49
54,41.0,10.0,1.0,3.0,80874.14,1348.0,22.47,80874.14,1348.0,22.47
90,88.0,1.0,1.0,1.0,80888.846,1348.0,22.47,80888.846,1348.0,22.47
7,6.0,0.0,1.0,1.0,80799.196,1347.0,22.44,80799.196,1347.0,22.44
13,11.0,1.0,1.0,1.0,80725.066,1345.0,22.42,80725.066,1345.0,22.42
73,65.0,6.0,1.0,2.0,80614.402,1344.0,22.39,80614.402,1344.0,22.39
5,2.0,1.0,2.0,2.0,80597.763,1343.0,22.39,40298.8815,672.0,11.19
46,26.0,17.0,1.0,3.0,80577.449,1343.0,22.38,80577.449,1343.0,22.38
19,17.0,1.0,1.0,1.0,80577.73,1343.0,22.38,80577.73,1343.0,22.38
8,4.0,2.0,2.0,2.0,80600.975,1343.0,22.39,40300.4875,672.0,11.19
14,12.0,1.0,1.0,1.0,80275.918,1338.0,22.3,80275.918,1338.0,22.3
15,11.0,3.0,1.0,1.0,80196.02,1337.0,22.28,80196.02,1337.0,22.28
8,5.0,1.0,1.0,2.0,80118.405,1335.0,22.26,80118.405,1335.0,22.26
16,11.0,3.0,2.0,2.0,79944.635,1332.0,22.21,39972.3175,666.0,11.1
4,3.0,0.0,1.0,1.0,79834.549,1331.0,22.18,79834.549,1331.0,22.18
7,5.0,1.0,1.0,1.0,79882.694,1331.0,22.19,79882.694,1331.0,22.19
23,21.0,1.0,1.0,1.0,79560.008,1326.0,22.1,79560.008,1326.0,22.1
55,47.0,6.0,1.0,2.0,79545.167,1326.0,22.1,79545.167,1326.0,22.1
48,37.0,9.0,2.0,2.0,79578.922,1326.0,22.11,39789.461,663.0,11.05
16,14.0,1.0,1.0,1.0,79465.538,1324.0,22.07,79465.538,1324.0,22.07
14,12.0,1.0,1.0,1.0,79456.827,1324.0,22.07,79456.827,1324.0,22.07
16,14.0,1.0,1.0,1.0,79421.784,1324.0,22.06,79421.784,1324.0,22.06
64,31.0,19.0,1.0,14.0,79334.151,1322.0,22.04,79334.151,1322.0,22.04
42,40.0,1.0,1.0,1.0,79177.044,1320.0,21.99,79177.044,1320.0,21.99
11,5.0,3.0,3.0,3.0,78932.025,1316.0,21.93,26310.675,439.0,7.31
20,15.0,1.0,4.0,4.0,78849.254,1314.0,21.9,19712.3135,329.0,5.48
26,24.0,1.0,1.0,1.0,78784.378,1313.0,21.88,78784.378,1313.0,21.88
13,9.0,2.0,1.0,2.0,78651.506,1311.0,21.85,78651.506,1311.0,21.85
20,18.0,1.0,1.0,1.0,78638.634,1311.0,21.84,78638.634,1311.0,21.84
21,14.0,4.0,1.0,3.0,78642.817,1311.0,21.85,78642.817,1311.0,21.85
7,5.0,1.0,1.0,1.0,78513.837,1309.0,21.81,78513.837,1309.0,21.81
11,9.0,1.0,1.0,1.0,78546.768,1309.0,21.82,78546.768,1309.0,21.82
4,2.0,1.0,1.0,1.0,78483.832,1308.0,21.8,78483.832,1308.0,21.8
18,11.0,5.0,1.0,2.0,78470.843,1308.0,21.8,78470.843,1308.0,21.8
10,8.0,1.0,1.0,1.0,78478.998,1308.0,21.8,78478.998,1308.0,21.8
8,6.0,1.0,1.0,1.0,78391.338,1307.0,21.78,78391.338,1307.0,21.78
10,8.0,1.0,1.0,1.0,78415.339,1307.0,21.78,78415.339,1307.0,21.78
26,23.0,1.0,1.0,2.0,78348.328,1306.0,21.76,78348.328,1306.0,21.76
3,1.0,1.0,1.0,1.0,78280.08,1305.0,21.74,78280.08,1305.0,21.74
6,4.0,1.0,1.0,1.0,78222.432,1304.0,21.73,78222.432,1304.0,21.73
14,12.0,1.0,1.0,1.0,78176.147,1303.0,21.72,78176.147,1303.0,21.72
8,5.0,2.0,1.0,1.0,78198.237,1303.0,21.72,78198.237,1303.0,21.72
7,5.0,1.0,1.0,1.0,78036.665,1301.0,21.68,78036.665,1301.0,21.68
8,6.0,1.0,1.0,1.0,78078.031,1301.0,21.69,78078.031,1301.0,21.69
7,5.0,1.0,1.0,1.0,78007.18,1300.0,21.67,78007.18,1300.0,21.67
7,6.0,0.0,1.0,1.0,77867.457,1298.0,21.63,77867.457,1298.0,21.63
6,4.0,1.0,1.0,1.0,77682.281,1295.0,21.58,77682.281,1295.0,21.58
14,12.0,1.0,1.0,1.0,77684.443,1295.0,21.58,77684.443,1295.0,21.58
10,8.0,1.0,1.0,1.0,77636.432,1294.0,21.57,77636.432,1294.0,21.57
13,9.0,3.0,1.0,1.0,77466.258,1291.0,21.52,77466.258,1291.0,21.52
21,15.0,4.0,2.0,2.0,77330.711,1289.0,21.48,38665.3555,644.0,10.74
36,33.0,2.0,1.0,1.0,77312.181,1289.0,21.48,77312.181,1289.0,21.48
8,6.0,1.0,1.0,1.0,77280.556,1288.0,21.47,77280.556,1288.0,21.47
21,18.0,2.0,1.0,1.0,77166.214,1286.0,21.44,77166.214,1286.0,21.44
4,2.0,1.0,1.0,1.0,77173.297,1286.0,21.44,77173.297,1286.0,21.44
25,24.0,0.0,1.0,1.0,77155.347,1286.0,21.43,77155.347,1286.0,21.43
18,15.0,2.0,1.0,1.0,77133.591,1286.0,21.43,77133.591,1286.0,21.43
11,6.0,3.0,1.0,2.0,77083.59,1285.0,21.41,77083.59,1285.0,21.41
21,14.0,4.0,1.0,3.0,77060.582,1284.0,21.41,77060.582,1284.0,21.41
23,21.0,1.0,1.0,1.0,77036.933,1284.0,21.4,77036.933,1284.0,21.4
19,15.0,3.0,1.0,1.0,76907.081,1282.0,21.36,76907.081,1282.0,21.36
9,7.0,1.0,1.0,1.0,76861.005,1281.0,21.35,76861.005,1281.0,21.35
6,4.0,1.0,1.0,1.0,76827.045,1280.0,21.34,76827.045,1280.0,21.34
8,6.0,1.0,1.0,1.0,76765.337,1279.0,21.32,76765.337,1279.0,21.32
14,10.0,2.0,2.0,2.0,76763.136,1279.0,21.32,38381.568,640.0,10.66
11,9.0,1.0,1.0,1.0,76672.543,1278.0,21.3,76672.543,1278.0,21.3
34,30.0,1.0,1.0,3.0,76651.143,1278.0,21.29,76651.143,1278.0,21.29
61,49.0,11.0,1.0,1.0,76559.814,1276.0,21.27,76559.814,1276.0,21.27
12,6.0,3.0,2.0,3.0,76515.767,1275.0,21.25,38257.8835,638.0,10.63
54,52.0,1.0,1.0,1.0,76502.468,1275.0,21.25,76502.468,1275.0,21.25
26,20.0,5.0,1.0,1.0,76361.352,1273.0,21.21,76361.352,1273.0,21.21
16,13.0,2.0,1.0,1.0,76331.227,1272.0,21.2,76331.227,1272.0,21.2
34,27.0,4.0,1.0,3.0,76338.797,1272.0,21.21,76338.797,1272.0,21.21
4,2.0,1.0,1.0,1.0,76233.472,1271.0,21.18,76233.472,1271.0,21.18
7,5.0,1.0,1.0,1.0,76243.688,1271.0,21.18,76243.688,1271.0,21.18
4,2.0,1.0,1.0,1.0,76145.588,1269.0,21.15,76145.588,1269.0,21.15
6,4.0,1.0,1.0,1.0,76156.592,1269.0,21.15,76156.592,1269.0,21.15
15,12.0,2.0,1.0,1.0,76023.283,1267.0,21.12,76023.283,1267.0,21.12
62,60.0,1.0,1.0,1.0,75988.055,1266.0,21.11,75988.055,1266.0,21.11
6,5.0,0.0,1.0,1.0,75965.732,1266.0,21.1,75965.732,1266.0,21.1
9,7.0,1.0,1.0,1.0,75901.756,1265.0,21.08,75901.756,1265.0,21.08
4,2.0,1.0,1.0,1.0,75926.113,1265.0,21.09,75926.113,1265.0,21.09
5,3.0,1.0,1.0,1.0,75887.347,1265.0,21.08,75887.347,1265.0,21.08
4,2.0,1.0,1.0,1.0,75838.851,1264.0,21.07,75838.851,1264.0,21.07
4,2.0,1.0,1.0,1.0,75852.814,1264.0,21.07,75852.814,1264.0,21.07
9,7.0,1.0,1.0,1.0,75838.826,1264.0,21.07,75838.826,1264.0,21.07
100,91.0,4.0,4.0,5.0,75868.023,1264.0,21.07,18967.00575,316.0,5.27
7,5.0,1.0,1.0,1.0,75774.69,1263.0,21.05,75774.69,1263.0,21.05
24,19.0,3.0,1.0,2.0,75652.979,1261.0,21.01,75652.979,1261.0,21.01
10,8.0,1.0,1.0,1.0,75634.786,1261.0,21.01,75634.786,1261.0,21.01
8,6.0,1.0,1.0,1.0,75621.373,1260.0,21.01,75621.373,1260.0,21.01
8,5.0,1.0,1.0,2.0,75572.681,1260.0,20.99,75572.681,1260.0,20.99
20,18.0,1.0,1.0,1.0,75373.427,1256.0,20.94,75373.427,1256.0,20.94
19,13.0,4.0,1.0,2.0,75350.29,1256.0,20.93,75350.29,1256.0,20.93
5,3.0,1.0,1.0,1.0,75381.348,1256.0,20.94,75381.348,1256.0,20.94
6,4.0,1.0,1.0,1.0,75297.644,1255.0,20.92,75297.644,1255.0,20.92
16,13.0,2.0,1.0,1.0,75309.594,1255.0,20.92,75309.594,1255.0,20.92
13,10.0,2.0,1.0,1.0,75217.109,1254.0,20.89,75217.109,1254.0,20.89
6,4.0,1.0,1.0,1.0,75135.331,1252.0,20.87,75135.331,1252.0,20.87
4,3.0,0.0,1.0,1.0,75097.24,1252.0,20.86,75097.24,1252.0,20.86
65,60.0,3.0,1.0,2.0,75069.461,1251.0,20.85,75069.461,1251.0,20.85
6,4.0,1.0,1.0,1.0,74875.712,1248.0,20.8,74875.712,1248.0,20.8
5,3.0,1.0,1.0,1.0,74895.834,1248.0,20.8,74895.834,1248.0,20.8
4,2.0,1.0,1.0,1.0,74829.034,1247.0,20.79,74829.034,1247.0,20.79
16,7.0,6.0,1.0,3.0,74796.95,1247.0,20.78,74796.95,1247.0,20.78
29,24.0,2.0,2.0,3.0,74737.772,1246.0,20.76,37368.886,623.0,10.38
14,12.0,1.0,1.0,1.0,74775.468,1246.0,20.77,74775.468,1246.0,20.77
26,23.0,1.0,1.0,2.0,74729.88,1245.0,20.76,74729.88,1245.0,20.76
6,4.0,1.0,1.0,1.0,74581.898,1243.0,20.72,74581.898,1243.0,20.72
7,4.0,1.0,1.0,2.0,74525.789,1242.0,20.7,74525.789,1242.0,20.7
22,18.0,2.0,1.0,2.0,74266.999,1238.0,20.63,74266.999,1238.0,20.63
13,9.0,2.0,1.0,2.0,74226.589,1237.0,20.62,74226.589,1237.0,20.62
24,22.0,1.0,1.0,1.0,74178.627,1236.0,20.61,74178.627,1236.0,20.61
7,5.0,1.0,1.0,1.0,74070.154,1235.0,20.58,74070.154,1235.0,20.58
19,14.0,3.0,1.0,2.0,74087.554,1235.0,20.58,74087.554,1235.0,20.58
23,20.0,1.0,2.0,2.0,74003.836,1233.0,20.56,37001.918,617.0,10.28
8,6.0,1.0,1.0,1.0,73939.735,1232.0,20.54,73939.735,1232.0,20.54
5,3.0,1.0,1.0,1.0,73889.244,1231.0,20.52,73889.244,1231.0,20.52
38,28.0,4.0,6.0,6.0,73853.542,1231.0,20.51,12308.923666666667,205.0,3.42
7,5.0,1.0,1.0,1.0,73777.567,1230.0,20.49,73777.567,1230.0,20.49
40,37.0,2.0,1.0,1.0,73740.6,1229.0,20.48,73740.6,1229.0,20.48
29,27.0,1.0,1.0,1.0,73672.094,1228.0,20.46,73672.094,1228.0,20.46
21,19.0,1.0,1.0,1.0,73696.1,1228.0,20.47,73696.1,1228.0,20.47
8,5.0,1.0,1.0,2.0,73544.03,1226.0,20.43,73544.03,1226.0,20.43
12,5.0,5.0,1.0,2.0,73480.044,1225.0,20.41,73480.044,1225.0,20.41
31,23.0,4.0,1.0,4.0,73415.627,1224.0,20.39,73415.627,1224.0,20.39
9,7.0,1.0,1.0,1.0,73444.811,1224.0,20.4,73444.811,1224.0,20.4
16,14.0,1.0,1.0,1.0,73158.169,1219.0,20.32,73158.169,1219.0,20.32
6,4.0,1.0,1.0,1.0,73023.264,1217.0,20.28,73023.264,1217.0,20.28
7,3.0,2.0,2.0,2.0,72982.948,1216.0,20.27,36491.474,608.0,10.14
6,4.0,1.0,1.0,1.0,72900.734,1215.0,20.25,72900.734,1215.0,20.25
8,6.0,1.0,1.0,1.0,72886.555,1215.0,20.25,72886.555,1215.0,20.25
9,7.0,1.0,1.0,1.0,72919.28,1215.0,20.26,72919.28,1215.0,20.26
29,27.0,1.0,1.0,1.0,72862.553,1214.0,20.24,72862.553,1214.0,20.24
7,5.0,1.0,1.0,1.0,72769.172,1213.0,20.21,72769.172,1213.0,20.21
32,27.0,4.0,1.0,1.0,72802.47,1213.0,20.22,72802.47,1213.0,20.22
7,5.0,1.0,1.0,1.0,72728.438,1212.0,20.2,72728.438,1212.0,20.2
17,12.0,2.0,1.0,3.0,72636.165,1211.0,20.18,72636.165,1211.0,20.18
7,5.0,1.0,1.0,1.0,72602.991,1210.0,20.17,72602.991,1210.0,20.17
11,8.0,1.0,2.0,2.0,72535.335,1209.0,20.15,36267.6675,604.0,10.07
6,4.0,1.0,1.0,1.0,72552.817,1209.0,20.15,72552.817,1209.0,20.15
7,5.0,1.0,1.0,1.0,72403.654,1207.0,20.11,72403.654,1207.0,20.11
7,5.0,1.0,1.0,1.0,72338.719,1206.0,20.09,72338.719,1206.0,20.09
5,3.0,1.0,1.0,1.0,72378.824,1206.0,20.11,72378.824,1206.0,20.11
38,36.0,1.0,1.0,1.0,72364.79,1206.0,20.1,72364.79,1206.0,20.1
21,13.0,4.0,2.0,4.0,72352.372,1206.0,20.1,36176.186,603.0,10.05
12,10.0,1.0,1.0,1.0,72374.893,1206.0,20.1,72374.893,1206.0,20.1
4,2.0,1.0,1.0,1.0,72298.295,1205.0,20.08,72298.295,1205.0,20.08
20,18.0,1.0,1.0,1.0,72209.245,1203.0,20.06,72209.245,1203.0,20.06
7,5.0,1.0,1.0,1.0,72106.332,1202.0,20.03,72106.332,1202.0,20.03
20,14.0,3.0,1.0,3.0,71984.735,1200.0,20.0,71984.735,1200.0,20.0
5,2.0,1.0,1.0,2.0,71836.833,1197.0,19.95,71836.833,1197.0,19.95
9,7.0,1.0,1.0,1.0,71691.872,1195.0,19.91,71691.872,1195.0,19.91
39,34.0,4.0,1.0,1.0,71680.929,1195.0,19.91,71680.929,1195.0,19.91
33,24.0,6.0,1.0,3.0,71520.054,1192.0,19.87,71520.054,1192.0,19.87
4,2.0,1.0,1.0,1.0,71408.792,1190.0,19.84,71408.792,1190.0,19.84
7,5.0,1.0,1.0,1.0,71156.589,1186.0,19.77,71156.589,1186.0,19.77
34,30.0,2.0,1.0,2.0,71172.728,1186.0,19.77,71172.728,1186.0,19.77
13,4.0,8.0,1.0,1.0,70846.305,1181.0,19.68,70846.305,1181.0,19.68
10,9.0,0.0,1.0,1.0,70850.841,1181.0,19.68,70850.841,1181.0,19.68
11,9.0,1.0,1.0,1.0,70652.0,1178.0,19.63,70652.0,1178.0,19.63
16,14.0,1.0,1.0,1.0,70439.477,1174.0,19.57,70439.477,1174.0,19.57
29,23.0,2.0,1.0,4.0,70298.976,1172.0,19.53,70298.976,1172.0,19.53
29,25.0,2.0,1.0,2.0,70291.348,1172.0,19.53,70291.348,1172.0,19.53
12,5.0,3.0,3.0,4.0,70270.222,1171.0,19.52,23423.407333333333,390.0,6.51
24,10.0,11.0,2.0,3.0,70201.518,1170.0,19.5,35100.759,585.0,9.75
17,13.0,2.0,1.0,2.0,70190.311,1170.0,19.5,70190.311,1170.0,19.5
17,15.0,1.0,1.0,1.0,70101.187,1168.0,19.47,70101.187,1168.0,19.47
5,3.0,1.0,1.0,1.0,69945.688,1166.0,19.43,69945.688,1166.0,19.43
88,74.0,13.0,1.0,1.0,69980.802,1166.0,19.44,69980.802,1166.0,19.44
9,7.0,1.0,1.0,1.0,69946.683,1166.0,19.43,69946.683,1166.0,19.43
5,3.0,1.0,1.0,1.0,69918.0,1165.0,19.42,69918.0,1165.0,19.42
6,4.0,1.0,1.0,1.0,69889.176,1165.0,19.41,69889.176,1165.0,19.41
861,852.0,7.0,2.0,2.0,69782.333,1163.0,19.38,34891.1665,582.0,9.69
26,22.0,2.0,1.0,2.0,69658.757,1161.0,19.35,69658.757,1161.0,19.35
12,8.0,2.0,1.0,2.0,69611.717,1160.0,19.34,69611.717,1160.0,19.34
118,112.0,3.0,1.0,3.0,69574.154,1160.0,19.33,69574.154,1160.0,19.33
10,8.0,1.0,1.0,1.0,69562.796,1159.0,19.32,69562.796,1159.0,19.32
10,6.0,2.0,2.0,2.0,69556.955,1159.0,19.32,34778.4775,580.0,9.66
3,1.0,1.0,1.0,1.0,69469.402,1158.0,19.3,69469.402,1158.0,19.3
12,11.0,0.0,1.0,1.0,69426.645,1157.0,19.29,69426.645,1157.0,19.29
26,22.0,2.0,1.0,2.0,69405.593,1157.0,19.28,69405.593,1157.0,19.28
18,10.0,4.0,1.0,4.0,69394.733,1157.0,19.28,69394.733,1157.0,19.28
7,5.0,1.0,1.0,1.0,69378.06,1156.0,19.27,69378.06,1156.0,19.27
122,54.0,65.0,2.0,3.0,69158.593,1153.0,19.21,34579.2965,576.0,9.61
14,12.0,1.0,1.0,1.0,69202.78,1153.0,19.22,69202.78,1153.0,19.22
6,5.0,0.0,1.0,1.0,69097.986,1152.0,19.19,69097.986,1152.0,19.19
6,4.0,1.0,1.0,1.0,69019.125,1150.0,19.17,69019.125,1150.0,19.17
8,6.0,1.0,1.0,1.0,68959.43,1149.0,19.16,68959.43,1149.0,19.16
56,38.0,9.0,9.0,9.0,68886.032,1148.0,19.14,7654.003555555556,128.0,2.13
5,3.0,1.0,1.0,1.0,68586.794,1143.0,19.05,68586.794,1143.0,19.05
31,22.0,5.0,1.0,4.0,68568.84,1143.0,19.05,68568.84,1143.0,19.05
20,17.0,2.0,1.0,1.0,68528.724,1142.0,19.04,68528.724,1142.0,19.04
26,24.0,1.0,1.0,1.0,68549.584,1142.0,19.04,68549.584,1142.0,19.04
19,17.0,1.0,1.0,1.0,68430.636,1141.0,19.01,68430.636,1141.0,19.01
6,4.0,1.0,1.0,1.0,68421.59,1140.0,19.01,68421.59,1140.0,19.01
6,3.0,2.0,1.0,1.0,68301.208,1138.0,18.97,68301.208,1138.0,18.97
12,10.0,1.0,1.0,1.0,68228.575,1137.0,18.95,68228.575,1137.0,18.95
5,3.0,1.0,1.0,1.0,68155.954,1136.0,18.93,68155.954,1136.0,18.93
18,16.0,1.0,1.0,1.0,68080.446,1135.0,18.91,68080.446,1135.0,18.91
15,14.0,0.0,1.0,1.0,67914.467,1132.0,18.87,67914.467,1132.0,18.87
8,6.0,1.0,1.0,1.0,67910.706,1132.0,18.86,67910.706,1132.0,18.86
149,125.0,23.0,1.0,1.0,67873.246,1131.0,18.85,67873.246,1131.0,18.85
34,19.0,9.0,2.0,6.0,67761.452,1129.0,18.82,33880.726,565.0,9.41
14,10.0,2.0,2.0,2.0,67646.975,1127.0,18.79,33823.4875,564.0,9.4
13,11.0,1.0,1.0,1.0,67487.01,1125.0,18.75,67487.01,1125.0,18.75
15,11.0,2.0,2.0,2.0,67480.93,1125.0,18.74,33740.465,562.0,9.37
5,3.0,1.0,1.0,1.0,67372.496,1123.0,18.71,67372.496,1123.0,18.71
181,150.0,27.0,1.0,4.0,67371.513,1123.0,18.71,67371.513,1123.0,18.71
9,5.0,1.0,3.0,3.0,67283.033,1121.0,18.69,22427.677666666666,374.0,6.23
72,66.0,4.0,1.0,2.0,67179.15,1120.0,18.66,67179.15,1120.0,18.66
4,2.0,1.0,1.0,1.0,66990.271,1117.0,18.61,66990.271,1117.0,18.61
9,7.0,1.0,1.0,1.0,66934.176,1116.0,18.59,66934.176,1116.0,18.59
6,4.0,1.0,1.0,1.0,66959.96,1116.0,18.6,66959.96,1116.0,18.6
6,4.0,1.0,1.0,1.0,66885.98,1115.0,18.58,66885.98,1115.0,18.58
7,5.0,1.0,1.0,1.0,66882.92,1115.0,18.58,66882.92,1115.0,18.58
140,130.0,5.0,3.0,5.0,66818.138,1114.0,18.56,22272.71266666667,371.0,6.19
11,9.0,1.0,1.0,1.0,66707.746,1112.0,18.53,66707.746,1112.0,18.53
10,8.0,1.0,1.0,1.0,66745.324,1112.0,18.54,66745.324,1112.0,18.54
12,10.0,1.0,1.0,1.0,66685.772,1111.0,18.52,66685.772,1111.0,18.52
14,12.0,1.0,1.0,1.0,66685.989,1111.0,18.52,66685.989,1111.0,18.52
11,9.0,1.0,1.0,1.0,66651.442,1111.0,18.51,66651.442,1111.0,18.51
6,4.0,1.0,1.0,1.0,66517.668,1109.0,18.48,66517.668,1109.0,18.48
16,14.0,1.0,1.0,1.0,66477.463,1108.0,18.47,66477.463,1108.0,18.47
11,9.0,1.0,1.0,1.0,66436.078,1107.0,18.45,66436.078,1107.0,18.45
20,17.0,2.0,1.0,1.0,66012.9,1100.0,18.34,66012.9,1100.0,18.34
59,46.0,11.0,1.0,2.0,65978.131,1100.0,18.33,65978.131,1100.0,18.33
19,15.0,2.0,2.0,2.0,65923.92,1099.0,18.31,32961.96,549.0,9.16
3,1.0,1.0,1.0,1.0,65949.445,1099.0,18.32,65949.445,1099.0,18.32
49,33.0,6.0,2.0,10.0,65888.185,1098.0,18.3,32944.0925,549.0,9.15
46,40.0,3.0,1.0,3.0,65748.546,1096.0,18.26,65748.546,1096.0,18.26
36,27.0,6.0,2.0,3.0,65733.311,1096.0,18.26,32866.6555,548.0,9.13
14,12.0,1.0,1.0,1.0,65778.419,1096.0,18.27,65778.419,1096.0,18.27
40,34.0,4.0,1.0,2.0,65681.905,1095.0,18.24,65681.905,1095.0,18.24
5,3.0,1.0,1.0,1.0,65584.44,1093.0,18.22,65584.44,1093.0,18.22
12,10.0,1.0,1.0,1.0,65467.887,1091.0,18.19,65467.887,1091.0,18.19
11,9.0,1.0,1.0,1.0,65287.666,1088.0,18.14,65287.666,1088.0,18.14
17,12.0,3.0,2.0,2.0,65208.127,1087.0,18.11,32604.0635,543.0,9.06
32,26.0,3.0,2.0,3.0,64777.075,1080.0,17.99,32388.5375,540.0,9.0
10,8.0,1.0,1.0,1.0,64755.256,1079.0,17.99,64755.256,1079.0,17.99
38,28.0,8.0,2.0,2.0,64678.182,1078.0,17.97,32339.091,539.0,8.98
25,23.0,1.0,1.0,1.0,64687.363,1078.0,17.97,64687.363,1078.0,17.97
9,5.0,2.0,1.0,2.0,64612.548,1077.0,17.95,64612.548,1077.0,17.95
6,4.0,1.0,1.0,1.0,64453.874,1074.0,17.9,64453.874,1074.0,17.9
34,26.0,6.0,2.0,2.0,64412.741,1074.0,17.89,32206.3705,537.0,8.95
10,7.0,2.0,1.0,1.0,64385.091,1073.0,17.88,64385.091,1073.0,17.88
27,21.0,4.0,1.0,2.0,64305.037,1072.0,17.86,64305.037,1072.0,17.86
6,4.0,1.0,1.0,1.0,64292.698,1072.0,17.86,64292.698,1072.0,17.86
5,3.0,1.0,1.0,1.0,64254.904,1071.0,17.85,64254.904,1071.0,17.85
5,3.0,1.0,1.0,1.0,64244.215,1071.0,17.85,64244.215,1071.0,17.85
25,23.0,1.0,1.0,1.0,64183.881,1070.0,17.83,64183.881,1070.0,17.83
29,25.0,2.0,1.0,2.0,63963.345,1066.0,17.77,63963.345,1066.0,17.77
5,3.0,1.0,1.0,1.0,63853.726,1064.0,17.74,63853.726,1064.0,17.74
13,11.0,1.0,1.0,1.0,63845.539,1064.0,17.73,63845.539,1064.0,17.73
16,14.0,1.0,1.0,1.0,63760.166,1063.0,17.71,63760.166,1063.0,17.71
74,70.0,3.0,1.0,1.0,63764.872,1063.0,17.71,63764.872,1063.0,17.71
11,9.0,1.0,1.0,1.0,63701.813,1062.0,17.69,63701.813,1062.0,17.69
10,5.0,3.0,1.0,2.0,63473.29,1058.0,17.63,63473.29,1058.0,17.63
3,1.0,1.0,1.0,1.0,63248.277,1054.0,17.57,63248.277,1054.0,17.57
62,56.0,4.0,1.0,2.0,63173.854,1053.0,17.55,63173.854,1053.0,17.55
9,7.0,1.0,1.0,1.0,63097.641,1052.0,17.53,63097.641,1052.0,17.53
12,10.0,1.0,1.0,1.0,63056.881,1051.0,17.52,63056.881,1051.0,17.52
6,3.0,1.0,2.0,2.0,63016.376,1050.0,17.5,31508.188,525.0,8.75
14,12.0,1.0,1.0,1.0,62979.323,1050.0,17.49,62979.323,1050.0,17.49
13,8.0,3.0,2.0,2.0,62805.139,1047.0,17.45,31402.5695,523.0,8.72
7,5.0,1.0,1.0,1.0,62767.124,1046.0,17.44,62767.124,1046.0,17.44
10,7.0,2.0,1.0,1.0,62760.596,1046.0,17.43,62760.596,1046.0,17.43
16,14.0,1.0,1.0,1.0,62637.521,1044.0,17.4,62637.521,1044.0,17.4
9,7.0,1.0,1.0,1.0,62632.294,1044.0,17.4,62632.294,1044.0,17.4
20,17.0,2.0,1.0,1.0,62553.517,1043.0,17.38,62553.517,1043.0,17.38
100,91.0,7.0,1.0,2.0,62608.447,1043.0,17.39,62608.447,1043.0,17.39
5,3.0,1.0,1.0,1.0,62576.608,1043.0,17.38,62576.608,1043.0,17.38
2,1.0,0.0,1.0,1.0,62524.19,1042.0,17.37,62524.19,1042.0,17.37
8,6.0,1.0,1.0,1.0,62475.207,1041.0,17.35,62475.207,1041.0,17.35
3,1.0,1.0,1.0,1.0,62120.242,1035.0,17.26,62120.242,1035.0,17.26
13,9.0,2.0,2.0,2.0,61943.454,1032.0,17.21,30971.727,516.0,8.6
28,26.0,1.0,1.0,1.0,61788.365,1030.0,17.16,61788.365,1030.0,17.16
14,9.0,4.0,1.0,1.0,61723.242,1029.0,17.15,61723.242,1029.0,17.15
9,3.0,4.0,1.0,2.0,61669.272,1028.0,17.13,61669.272,1028.0,17.13
36,32.0,3.0,1.0,1.0,61629.387,1027.0,17.12,61629.387,1027.0,17.12
98,89.0,8.0,1.0,1.0,61544.742,1026.0,17.1,61544.742,1026.0,17.1
7,5.0,1.0,1.0,1.0,61474.466,1025.0,17.08,61474.466,1025.0,17.08
67,62.0,3.0,1.0,2.0,61440.639,1024.0,17.07,61440.639,1024.0,17.07
4,2.0,1.0,1.0,1.0,61262.203,1021.0,17.02,61262.203,1021.0,17.02
10,8.0,1.0,1.0,1.0,61231.728,1021.0,17.01,61231.728,1021.0,17.01
33,30.0,1.0,1.0,2.0,61070.923,1018.0,16.96,61070.923,1018.0,16.96
3,1.0,1.0,1.0,1.0,60981.384,1016.0,16.94,60981.384,1016.0,16.94
48,21.0,24.0,1.0,3.0,60870.811,1015.0,16.91,60870.811,1015.0,16.91
14,6.0,4.0,1.0,4.0,60853.46,1014.0,16.9,60853.46,1014.0,16.9
4,2.0,1.0,1.0,1.0,60849.012,1014.0,16.9,60849.012,1014.0,16.9
5,3.0,1.0,1.0,1.0,60771.163,1013.0,16.88,60771.163,1013.0,16.88
29,27.0,1.0,1.0,1.0,60507.838,1008.0,16.81,60507.838,1008.0,16.81
8,3.0,2.0,3.0,3.0,60406.408,1007.0,16.78,20135.469333333334,336.0,5.59
8,6.0,1.0,1.0,1.0,60405.819,1007.0,16.78,60405.819,1007.0,16.78
7,5.0,1.0,1.0,1.0,60064.416,1001.0,16.68,60064.416,1001.0,16.68
7,5.0,1.0,1.0,1.0,59890.549,998.0,16.64,59890.549,998.0,16.64
38,27.0,6.0,1.0,5.0,59851.571,998.0,16.63,59851.571,998.0,16.63
20,13.0,5.0,1.0,2.0,59845.425,997.0,16.62,59845.425,997.0,16.62
8,6.0,1.0,1.0,1.0,59725.029,995.0,16.59,59725.029,995.0,16.59
11,9.0,1.0,1.0,1.0,59703.308,995.0,16.58,59703.308,995.0,16.58
16,14.0,1.0,1.0,1.0,59649.611,994.0,16.57,59649.611,994.0,16.57
33,21.0,6.0,2.0,6.0,59457.034,991.0,16.52,29728.517,495.0,8.26
13,9.0,2.0,2.0,2.0,59377.986,990.0,16.49,29688.993,495.0,8.25
8,4.0,3.0,1.0,1.0,59399.983,990.0,16.5,59399.983,990.0,16.5
13,11.0,1.0,1.0,1.0,59234.016,987.0,16.45,59234.016,987.0,16.45
2,1.0,0.0,1.0,1.0,58907.32,982.0,16.36,58907.32,982.0,16.36
17,14.0,2.0,1.0,1.0,58862.269,981.0,16.35,58862.269,981.0,16.35
16,14.0,1.0,1.0,1.0,58637.04,977.0,16.29,58637.04,977.0,16.29
12,10.0,1.0,1.0,1.0,58259.398,971.0,16.18,58259.398,971.0,16.18
6,4.0,1.0,1.0,1.0,58109.922,968.0,16.14,58109.922,968.0,16.14
19,16.0,2.0,1.0,1.0,58063.165,968.0,16.13,58063.165,968.0,16.13
13,10.0,2.0,1.0,1.0,58038.206,967.0,16.12,58038.206,967.0,16.12
5,2.0,1.0,2.0,2.0,58010.535,967.0,16.11,29005.2675,483.0,8.06
5,3.0,1.0,1.0,1.0,58031.777,967.0,16.12,58031.777,967.0,16.12
14,12.0,1.0,1.0,1.0,57763.88,963.0,16.05,57763.88,963.0,16.05
43,41.0,1.0,1.0,1.0,57724.213,962.0,16.03,57724.213,962.0,16.03
5,2.0,2.0,1.0,1.0,57670.747,961.0,16.02,57670.747,961.0,16.02
16,14.0,1.0,1.0,1.0,57456.015,958.0,15.96,57456.015,958.0,15.96
9,7.0,1.0,1.0,1.0,57483.567,958.0,15.97,57483.567,958.0,15.97
62,46.0,11.0,1.0,5.0,57394.463,957.0,15.94,57394.463,957.0,15.94
24,22.0,1.0,1.0,1.0,57401.395,957.0,15.94,57401.395,957.0,15.94
13,11.0,1.0,1.0,1.0,57348.088,956.0,15.93,57348.088,956.0,15.93
4,2.0,1.0,1.0,1.0,57352.721,956.0,15.93,57352.721,956.0,15.93
8,6.0,1.0,1.0,1.0,57318.27,955.0,15.92,57318.27,955.0,15.92
17,13.0,2.0,1.0,2.0,57212.048,954.0,15.89,57212.048,954.0,15.89
9,7.0,1.0,1.0,1.0,57135.068,952.0,15.87,57135.068,952.0,15.87
42,38.0,3.0,1.0,1.0,56800.57,947.0,15.78,56800.57,947.0,15.78
32,27.0,3.0,1.0,2.0,56827.803,947.0,15.79,56827.803,947.0,15.79
37,32.0,2.0,1.0,3.0,56649.783,944.0,15.74,56649.783,944.0,15.74
6,4.0,1.0,1.0,1.0,56483.866,941.0,15.69,56483.866,941.0,15.69
13,7.0,4.0,1.0,2.0,56468.874,941.0,15.69,56468.874,941.0,15.69
22,18.0,2.0,1.0,2.0,56329.458,939.0,15.65,56329.458,939.0,15.65
6,4.0,1.0,1.0,1.0,56262.09,938.0,15.63,56262.09,938.0,15.63
42,35.0,5.0,1.0,2.0,56208.987,937.0,15.61,56208.987,937.0,15.61
15,11.0,2.0,1.0,2.0,56169.216,936.0,15.6,56169.216,936.0,15.6
10,8.0,1.0,1.0,1.0,56160.926,936.0,15.6,56160.926,936.0,15.6
22,18.0,2.0,1.0,2.0,56107.587,935.0,15.59,56107.587,935.0,15.59
3,1.0,1.0,1.0,1.0,56038.996,934.0,15.57,56038.996,934.0,15.57
4,3.0,0.0,1.0,1.0,55955.27,933.0,15.54,55955.27,933.0,15.54
70,65.0,3.0,2.0,2.0,55995.293,933.0,15.55,27997.6465,467.0,7.78
15,13.0,1.0,1.0,1.0,55985.326,933.0,15.55,55985.326,933.0,15.55
10,8.0,1.0,1.0,1.0,55870.702,931.0,15.52,55870.702,931.0,15.52
49,38.0,8.0,2.0,3.0,55803.35,930.0,15.5,27901.675,465.0,7.75
10,8.0,1.0,1.0,1.0,55671.492,928.0,15.46,55671.492,928.0,15.46
9,7.0,1.0,1.0,1.0,55639.522,927.0,15.46,55639.522,927.0,15.46
7,5.0,1.0,1.0,1.0,55624.711,927.0,15.45,55624.711,927.0,15.45
7,5.0,1.0,1.0,1.0,55557.0,926.0,15.43,55557.0,926.0,15.43
40,29.0,3.0,1.0,8.0,55250.849,921.0,15.35,55250.849,921.0,15.35
28,11.0,13.0,1.0,4.0,55258.579,921.0,15.35,55258.579,921.0,15.35
7,6.0,0.0,1.0,1.0,55016.682,917.0,15.28,55016.682,917.0,15.28
4,3.0,0.0,1.0,1.0,54848.762,914.0,15.24,54848.762,914.0,15.24
3,1.0,1.0,1.0,1.0,54813.225,914.0,15.23,54813.225,914.0,15.23
3,1.0,1.0,1.0,1.0,54448.779,907.0,15.12,54448.779,907.0,15.12
55,43.0,10.0,1.0,2.0,54300.976,905.0,15.08,54300.976,905.0,15.08
7,5.0,1.0,1.0,1.0,54210.934,904.0,15.06,54210.934,904.0,15.06
10,6.0,2.0,1.0,2.0,54185.333,903.0,15.05,54185.333,903.0,15.05
7,5.0,1.0,1.0,1.0,54173.359,903.0,15.05,54173.359,903.0,15.05
14,12.0,1.0,1.0,1.0,54121.812,902.0,15.03,54121.812,902.0,15.03
10,6.0,3.0,1.0,1.0,53972.691,900.0,14.99,53972.691,900.0,14.99
14,10.0,2.0,1.0,2.0,53942.017,899.0,14.98,53942.017,899.0,14.98
9,6.0,2.0,1.0,1.0,53737.751,896.0,14.93,53737.751,896.0,14.93
11,9.0,1.0,1.0,1.0,53757.603,896.0,14.93,53757.603,896.0,14.93
38,34.0,2.0,1.0,2.0,53725.611,895.0,14.92,53725.611,895.0,14.92
4,2.0,1.0,1.0,1.0,53609.931,893.0,14.89,53609.931,893.0,14.89
19,11.0,4.0,1.0,4.0,53324.976,889.0,14.81,53324.976,889.0,14.81
17,13.0,2.0,2.0,2.0,53368.181,889.0,14.82,26684.0905,445.0,7.41
11,8.0,2.0,1.0,1.0,53132.654,886.0,14.76,53132.654,886.0,14.76
15,13.0,1.0,1.0,1.0,53008.239,883.0,14.72,53008.239,883.0,14.72
8,7.0,0.0,1.0,1.0,52999.16,883.0,14.72,52999.16,883.0,14.72
38,36.0,1.0,1.0,1.0,52996.118,883.0,14.72,52996.118,883.0,14.72
29,13.0,13.0,1.0,3.0,52849.4,881.0,14.68,52849.4,881.0,14.68
10,8.0,1.0,1.0,1.0,52766.243,879.0,14.66,52766.243,879.0,14.66
36,34.0,1.0,1.0,1.0,52578.308,876.0,14.61,52578.308,876.0,14.61
28,25.0,2.0,1.0,1.0,52513.725,875.0,14.59,52513.725,875.0,14.59
7,5.0,1.0,1.0,1.0,52135.052,869.0,14.48,52135.052,869.0,14.48
9,7.0,1.0,1.0,1.0,52053.416,868.0,14.46,52053.416,868.0,14.46
